BEGIN TRANSACTION;
CREATE TABLE courses (
    course_code TEXT PRIMARY KEY,
    course_title TEXT NOT NULL,
    credit_hours INTEGER NOT NULL,
    prerequisite_course_code TEXT,
    FOREIGN KEY (prerequisite_course_code) REFERENCES courses (course_code)
);
INSERT INTO "courses" VALUES('CL1000','Introduction to Information and Communication Technology',0,NULL);
INSERT INTO "courses" VALUES('CS1002','Programming Fundamentals',3,NULL);
INSERT INTO "courses" VALUES('CL1002','Programming Fundamentals - Lab',1,NULL);
INSERT INTO "courses" VALUES('NS1001','Applied Physics',3,NULL);
INSERT INTO "courses" VALUES('MT1003','Calculus and Analytical Geometry',3,NULL);
INSERT INTO "courses" VALUES('SS1012','Functional English',2,NULL);
INSERT INTO "courses" VALUES('SL1012','Functional English - Lab',1,NULL);
INSERT INTO "courses" VALUES('SS1013','Ideology and Constitution of Pakistan',2,NULL);
INSERT INTO "courses" VALUES('CS1004','Object Oriented Programming',3,'CS1002');
INSERT INTO "courses" VALUES('CL1004','Object Oriented Programming - Lab',1,'CS1002');
INSERT INTO "courses" VALUES('EE1005','Digital Logic Design',3,NULL);
INSERT INTO "courses" VALUES('EL1005','Digital Logic Design - Lab',1,NULL);
INSERT INTO "courses" VALUES('MT1006','Multivariable Calculus',3,'MT1003');
INSERT INTO "courses" VALUES('SS1007','Islamic Studies/Ethics',2,NULL);
INSERT INTO "courses" VALUES('SS1014','Expository Writing',2,NULL);
INSERT INTO "courses" VALUES('SL1014','Expository Writing - Lab',1,NULL);
INSERT INTO "courses" VALUES('SS3002','Civics and Community Engagement',2,NULL);
INSERT INTO "courses" VALUES('CS2001','Data Structures',3,'CS1004');
INSERT INTO "courses" VALUES('CL2001','Data Structures - Lab',1,'CS1004');
INSERT INTO "courses" VALUES('EE2003','Computer Organization and Assembly Language',3,'EE1005');
INSERT INTO "courses" VALUES('EL2003','Computer Organization and Assembly Language - Lab',1,'EE1005');
INSERT INTO "courses" VALUES('CS1005','Discrete Structures',3,NULL);
INSERT INTO "courses" VALUES('MT1004','Linear Algebra',3,NULL);
INSERT INTO "courses" VALUES('AI2001','Programming for AI',3,NULL);
INSERT INTO "courses" VALUES('AL2001','Programming for AI - Lab',1,NULL);
INSERT INTO "courses" VALUES('SS/MG','SS/MG Elective - I',2,NULL);
INSERT INTO "courses" VALUES('CS2005','Database Systems',3,'CS2001');
INSERT INTO "courses" VALUES('CL2005','Database Systems - Lab',1,'CS2001');
INSERT INTO "courses" VALUES('AI2002','Artificial Intelligence',3,NULL);
INSERT INTO "courses" VALUES('AL2002','Artificial Intelligence - Lab',1,NULL);
INSERT INTO "courses" VALUES('CS2006','Operating Systems',3,'CS2001');
INSERT INTO "courses" VALUES('CL2006','Operating Systems - Lab',1,'CS2001');
INSERT INTO "courses" VALUES('CS2004','Fundamentals of Software Engineering',3,NULL);
INSERT INTO "courses" VALUES('MT2005','Probability and Statistics',3,NULL);
INSERT INTO "courses" VALUES('AI3002','Machine Learning',3,'AI2001');
INSERT INTO "courses" VALUES('AL3002','Machine Learning - Lab',1,'AI2001');
INSERT INTO "courses" VALUES('AI3001','Knowledge Representation and Reasoning',3,'AI2001');
INSERT INTO "courses" VALUES('CS2009','Design and Analysis of Algorithms',3,'CS2001');
INSERT INTO "courses" VALUES('CS3001','Computer Networks',3,'CS2001');
INSERT INTO "courses" VALUES('CL3001','Computer Networks - Lab',1,'CS2001');
INSERT INTO "courses" VALUES('SS2007','Technical and Business Writing',3,'SS1014');
INSERT INTO "courses" VALUES('AI3003','Artificial Neural Networks',3,'AI2001');
INSERT INTO "courses" VALUES('AI4002','Computer Vision',3,'AI3002');
INSERT INTO "courses" VALUES('AL4002','Computer Vision - Lab',1,'AI3002');
INSERT INTO "courses" VALUES('CS3006','Parallel and Distributed Computing',3,'CS2006');
INSERT INTO "courses" VALUES('AIxxxx','AI Elective - I',3,NULL);
INSERT INTO "courses" VALUES('CSxxxx','Computing Internship',0,NULL);
INSERT INTO "courses" VALUES('CLxxxx','Computing Internship - Lab',1,NULL);
INSERT INTO "courses" VALUES('AI4091','Final Year Project - I',3,NULL);
INSERT INTO "courses" VALUES('CS3002','Entrepreneurship',3,NULL);
INSERT INTO "courses" VALUES('AI4092','Final Year Project - II',3,'AI4091');
INSERT INTO "courses" VALUES('CS4001','Professional Practices',3,NULL);
INSERT INTO "courses" VALUES('CS3005','Theory of Automata',3,NULL);
INSERT INTO "courses" VALUES('SS/MGxxxx','SS/MG Elective - I',2,NULL);
INSERT INTO "courses" VALUES('CS3009','Software Engineering',3,NULL);
INSERT INTO "courses" VALUES('EE2013','Computer Architecture',3,'EE2003');
INSERT INTO "courses" VALUES('CS3014','Applied Human Computer Interaction',3,NULL);
INSERT INTO "courses" VALUES('CS4031','Compiler Construction',3,'CS3005');
INSERT INTO "courses" VALUES('CS4087','Advanced DBMS',3,'CS2005');
INSERT INTO "courses" VALUES('CS4091','Final Year Project - I',3,NULL);
INSERT INTO "courses" VALUES('CS4092','Final Year Project - II',3,'CS4091');
INSERT INTO "courses" VALUES('CY2004','Cyber Security',3,NULL);
INSERT INTO "courses" VALUES('CYxxxx','CY Elective - I',3,NULL);
INSERT INTO "courses" VALUES('CY3001','Network Security',3,'CS3001');
INSERT INTO "courses" VALUES('CY3006','Digital Forensics',3,'CY2004');
INSERT INTO "courses" VALUES('CL3006','Digital Forensics - Lab',1,'CY2004');
INSERT INTO "courses" VALUES('CY4001','Secure Software Design and Development',3,'CS3009');
INSERT INTO "courses" VALUES('CL4001','Secure Software Design and Development - Lab',1,'CS3009');
INSERT INTO "courses" VALUES('CY4091','Final Year Project I',3,NULL);
INSERT INTO "courses" VALUES('SSxxxx','SS/MG Elective - II',3,NULL);
INSERT INTO "courses" VALUES('CY4092','Final Year Project II',3,'CY4091');
INSERT INTO "courses" VALUES('CY3003','Information Assurance',3,NULL);
INSERT INTO "courses" VALUES('MT2008','Multivariable Calculus',3,'MT1003');
INSERT INTO "courses" VALUES('DS2001','Introduction to Data Science',3,NULL);
INSERT INTO "courses" VALUES('DL2001','Introduction to Data Science - Lab',1,NULL);
INSERT INTO "courses" VALUES('DS2003','Advanced Statistics',3,NULL);
INSERT INTO "courses" VALUES('DS3003','Data Warehousing and Business Intelligence',3,'CS2005');
INSERT INTO "courses" VALUES('DL3003','Data Warehousing and Business Intelligence - Lab',1,'CS2005');
INSERT INTO "courses" VALUES('DS3001','Data Analysis and Visualization',3,'DS2001');
INSERT INTO "courses" VALUES('DL3001','Data Analysis and Visualization - Lab',1,'DS2001');
INSERT INTO "courses" VALUES('DS3002','Data Mining',3,'CS2001');
INSERT INTO "courses" VALUES('DSxxxx','DS Elective - I',3,NULL);
INSERT INTO "courses" VALUES('DS4091','Final Year Project - I',3,NULL);
INSERT INTO "courses" VALUES('MG4011','Entrepreneurship',3,NULL);
INSERT INTO "courses" VALUES('DS4092','Final Year Project - II',3,'DS4091');
INSERT INTO "courses" VALUES('SE1001','Introduction to Software Engineering',3,NULL);
INSERT INTO "courses" VALUES('SE2001','Software Requirements Engineering',3,'SE1001');
INSERT INTO "courses" VALUES('SE2002','Software Design and Architecture',3,'CS1004');
INSERT INTO "courses" VALUES('SE3004','Software Construction and Development',3,'SE2002');
INSERT INTO "courses" VALUES('SE3002','Software Quality Engineering',3,'SE1001');
INSERT INTO "courses" VALUES('SE4002','Fund. of Software Project Management',3,'SE2001');
INSERT INTO "courses" VALUES('SExxxx','SE Elective – I',3,NULL);
INSERT INTO "courses" VALUES('SE4091','Final Year Project-I',3,NULL);
INSERT INTO "courses" VALUES('SE4092','Final Year Project-II',3,'SE4091');
INSERT INTO "courses" VALUES('DEMO','DEMO',3,'none');
INSERT INTO "courses" VALUES('DEMO2','AAIS',3,'None');
INSERT INTO "courses" VALUES('aais','a22',4,'None');
INSERT INTO "courses" VALUES('aa123','umar',3,'None');
CREATE TABLE grades (
    roll_no TEXT NOT NULL,
    course_code TEXT NOT NULL,
    grade TEXT NOT NULL,
    PRIMARY KEY (roll_no, course_code),
    FOREIGN KEY (roll_no) REFERENCES students (roll_no)
    FOREIGN KEY (course_code) REFERENCES courses (course_code)
);
INSERT INTO "grades" VALUES('22P-3000','CS1004','D+');
INSERT INTO "grades" VALUES('22P-3000','CL1004','D+');
INSERT INTO "grades" VALUES('22P-3000','CS2001','I');
INSERT INTO "grades" VALUES('22P-3000','CL2001','I');
INSERT INTO "grades" VALUES('22P-3000','MT1003','D');
INSERT INTO "grades" VALUES('22P-3000','MT1004','D+');
INSERT INTO "grades" VALUES('22P-3000','NS1001','B+');
INSERT INTO "grades" VALUES('22P-3000','SE1001','B-');
INSERT INTO "grades" VALUES('22P-3000','SE2001','I');
INSERT INTO "grades" VALUES('22P-3000','SE3002','I');
INSERT INTO "grades" VALUES('22P-3000','SS2007','I');
INSERT INTO "grades" VALUES('22P-4946','CS1004','FA');
INSERT INTO "grades" VALUES('22P-4946','CL1004','FA');
INSERT INTO "grades" VALUES('22P-4946','CS1005','W');
INSERT INTO "grades" VALUES('22P-4946','SE1001','W');
INSERT INTO "grades" VALUES('22P-4947','CS1002','FA');
INSERT INTO "grades" VALUES('22P-4947','CL1002','FA');
INSERT INTO "grades" VALUES('22P-4947','MT1003','FA');
INSERT INTO "grades" VALUES('22P-4947','NS1001','FA');
INSERT INTO "grades" VALUES('22P-4947','SE1001','FA');
INSERT INTO "grades" VALUES('22P-4948','CS1005','I');
INSERT INTO "grades" VALUES('22P-4948','MT1004','I');
INSERT INTO "grades" VALUES('22P-4948','NS1001','I');
INSERT INTO "grades" VALUES('22P-4949','CS2001','D');
INSERT INTO "grades" VALUES('22P-4949','CL2001','D');
INSERT INTO "grades" VALUES('22P-4949','CS2006','I');
INSERT INTO "grades" VALUES('22P-4949','CL2006','I');
INSERT INTO "grades" VALUES('22P-4949','MT1004','I');
INSERT INTO "grades" VALUES('22P-4949','MT2005','D');
INSERT INTO "grades" VALUES('22P-4949','SE1001','C+');
INSERT INTO "grades" VALUES('22P-4949','SE2001','I');
INSERT INTO "grades" VALUES('22P-4949','SS2007','I');
INSERT INTO "grades" VALUES('22P-4951','CS1004','D');
INSERT INTO "grades" VALUES('22P-4951','CL1004','I');
INSERT INTO "grades" VALUES('22P-4951','CS1005','I');
INSERT INTO "grades" VALUES('22P-4951','EE1005','C-');
INSERT INTO "grades" VALUES('22P-4951','EL1005','F');
INSERT INTO "grades" VALUES('22P-4951','SE1001','B');
INSERT INTO "grades" VALUES('22P-4951','SE2001','I');
INSERT INTO "grades" VALUES('22P-9095','CL1000','C');
INSERT INTO "grades" VALUES('22P-9095','CS1002','FA');
INSERT INTO "grades" VALUES('22P-9095','CL1002','FA');
INSERT INTO "grades" VALUES('22P-9095','MT1003','F');
INSERT INTO "grades" VALUES('22P-9095','NS1001','D+');
INSERT INTO "grades" VALUES('22P-9095','SE1001','FA');
INSERT INTO "grades" VALUES('22P-9097','CL1000','D+');
INSERT INTO "grades" VALUES('22P-9097','CS1002','C+');
INSERT INTO "grades" VALUES('22P-9097','CL1002','D+');
INSERT INTO "grades" VALUES('22P-9097','CS1004','D');
INSERT INTO "grades" VALUES('22P-9097','CL1004','C-');
INSERT INTO "grades" VALUES('22P-9097','CS1005','C-');
INSERT INTO "grades" VALUES('22P-9097','CS2001','D+');
INSERT INTO "grades" VALUES('22P-9097','CL2001','D+');
INSERT INTO "grades" VALUES('22P-9097','MT1003','B');
INSERT INTO "grades" VALUES('22P-9097','MT1004','D+');
INSERT INTO "grades" VALUES('22P-9097','MT2005','D+');
INSERT INTO "grades" VALUES('22P-9097','NS1001','C');
INSERT INTO "grades" VALUES('22P-9097','SE1001','D+');
INSERT INTO "grades" VALUES('22P-9097','SE2001','C-');
INSERT INTO "grades" VALUES('22P-9097','SE2002','C');
INSERT INTO "grades" VALUES('22P-9098','CL1000','FA');
INSERT INTO "grades" VALUES('22P-9098','CS1002','FA');
INSERT INTO "grades" VALUES('22P-9098','CL1002','FA');
INSERT INTO "grades" VALUES('22P-9098','MT1003','FA');
INSERT INTO "grades" VALUES('22P-9098','NS1001','FA');
INSERT INTO "grades" VALUES('22P-9099','CL1000','B');
INSERT INTO "grades" VALUES('22P-9099','CS1002','C-');
INSERT INTO "grades" VALUES('22P-9099','CL1002','D+');
INSERT INTO "grades" VALUES('22P-9099','CS1004','C+');
INSERT INTO "grades" VALUES('22P-9099','CL1004','A+');
INSERT INTO "grades" VALUES('22P-9099','CS1005','A+');
INSERT INTO "grades" VALUES('22P-9099','CS2001','A');
INSERT INTO "grades" VALUES('22P-9099','CL2001','A+');
INSERT INTO "grades" VALUES('22P-9099','CS2005','A');
INSERT INTO "grades" VALUES('22P-9099','CL2005','B+');
INSERT INTO "grades" VALUES('22P-9099','CS2006','I');
INSERT INTO "grades" VALUES('22P-9099','CL2006','I');
INSERT INTO "grades" VALUES('22P-9099','MT1003','B+');
INSERT INTO "grades" VALUES('22P-9099','MT1004','B+');
INSERT INTO "grades" VALUES('22P-9099','MT2005','A+');
INSERT INTO "grades" VALUES('22P-9099','NS1001','B');
INSERT INTO "grades" VALUES('22P-9099','SE1001','A');
INSERT INTO "grades" VALUES('22P-9099','SE2001','A+');
INSERT INTO "grades" VALUES('22P-9099','SE2002','A-');
INSERT INTO "grades" VALUES('22P-9099','SE3002','I');
INSERT INTO "grades" VALUES('22P-9099','SS2007','I');
INSERT INTO "grades" VALUES('22P-9100','CL1000','B+');
INSERT INTO "grades" VALUES('22P-9100','CS1002','C-');
INSERT INTO "grades" VALUES('22P-9100','CL1002','C+');
INSERT INTO "grades" VALUES('22P-9100','CS1004','C-');
INSERT INTO "grades" VALUES('22P-9100','CL1004','B-');
INSERT INTO "grades" VALUES('22P-9100','CS1005','B');
INSERT INTO "grades" VALUES('22P-9100','CS2001','C-');
INSERT INTO "grades" VALUES('22P-9100','CL2001','C+');
INSERT INTO "grades" VALUES('22P-9100','CS2006','I');
INSERT INTO "grades" VALUES('22P-9100','CL2006','I');
INSERT INTO "grades" VALUES('22P-9100','MT1003','B');
INSERT INTO "grades" VALUES('22P-9100','MT1004','C');
INSERT INTO "grades" VALUES('22P-9100','MT2005','C');
INSERT INTO "grades" VALUES('22P-9100','NS1001','C');
INSERT INTO "grades" VALUES('22P-9100','SE1001','D+');
INSERT INTO "grades" VALUES('22P-9100','SE2001','B-');
INSERT INTO "grades" VALUES('22P-9100','SE2002','B-');
INSERT INTO "grades" VALUES('22P-9100','SE3002','I');
INSERT INTO "grades" VALUES('22P-9100','SS2007','I');
INSERT INTO "grades" VALUES('22P-9101','CL1000','B');
INSERT INTO "grades" VALUES('22P-9101','CS1002','FA');
INSERT INTO "grades" VALUES('22P-9101','CL1002','FA');
INSERT INTO "grades" VALUES('22P-9101','MT1003','FA');
INSERT INTO "grades" VALUES('22P-9101','NS1001','FA');
INSERT INTO "grades" VALUES('22P-9101','SE1001','FA');
INSERT INTO "grades" VALUES('22P-9102','CL1000','B-');
INSERT INTO "grades" VALUES('22P-9102','CS1002','D+');
INSERT INTO "grades" VALUES('22P-9102','CL1002','C');
INSERT INTO "grades" VALUES('22P-9102','CS1004','C+');
INSERT INTO "grades" VALUES('22P-9102','CL1004','A+');
INSERT INTO "grades" VALUES('22P-9102','CS1005','B-');
INSERT INTO "grades" VALUES('22P-9102','CS2001','A-');
INSERT INTO "grades" VALUES('22P-9102','CL2001','B+');
INSERT INTO "grades" VALUES('22P-9102','CS2005','A-');
INSERT INTO "grades" VALUES('22P-9102','CL2005','B+');
INSERT INTO "grades" VALUES('22P-9102','CS2006','I');
INSERT INTO "grades" VALUES('22P-9102','CL2006','I');
INSERT INTO "grades" VALUES('22P-9102','MT1003','C');
INSERT INTO "grades" VALUES('22P-9102','MT1004','D');
INSERT INTO "grades" VALUES('22P-9102','MT2005','B');
INSERT INTO "grades" VALUES('22P-9102','NS1001','B');
INSERT INTO "grades" VALUES('22P-9102','SE1001','D+');
INSERT INTO "grades" VALUES('22P-9102','SE2001','A-');
INSERT INTO "grades" VALUES('22P-9102','SE2002','B-');
INSERT INTO "grades" VALUES('22P-9102','SE3002','I');
INSERT INTO "grades" VALUES('22P-9102','SS2007','I');
INSERT INTO "grades" VALUES('22P-9103','CL1000','B-');
INSERT INTO "grades" VALUES('22P-9103','CS1002','F');
INSERT INTO "grades" VALUES('22P-9103','CL1002','F');
INSERT INTO "grades" VALUES('22P-9103','MT1003','C+');
INSERT INTO "grades" VALUES('22P-9103','NS1001','C');
INSERT INTO "grades" VALUES('22P-9104','CL1000','F');
INSERT INTO "grades" VALUES('22P-9104','CS1002','F');
INSERT INTO "grades" VALUES('22P-9104','CL1002','F');
INSERT INTO "grades" VALUES('22P-9104','MT1003','F');
INSERT INTO "grades" VALUES('22P-9104','NS1001','F');
INSERT INTO "grades" VALUES('22P-9105','CL1000','B');
INSERT INTO "grades" VALUES('22P-9105','CS1002','A');
INSERT INTO "grades" VALUES('22P-9105','CL1002','C');
INSERT INTO "grades" VALUES('22P-9105','CS1004','B');
INSERT INTO "grades" VALUES('22P-9105','CL1004','C+');
INSERT INTO "grades" VALUES('22P-9105','CS1005','A-');
INSERT INTO "grades" VALUES('22P-9105','CS2001','B-');
INSERT INTO "grades" VALUES('22P-9105','CL2001','B');
INSERT INTO "grades" VALUES('22P-9105','CS2006','I');
INSERT INTO "grades" VALUES('22P-9105','CL2006','I');
INSERT INTO "grades" VALUES('22P-9105','MT1003','A-');
INSERT INTO "grades" VALUES('22P-9105','MT1004','D+');
INSERT INTO "grades" VALUES('22P-9105','MT2005','A-');
INSERT INTO "grades" VALUES('22P-9105','NS1001','C-');
INSERT INTO "grades" VALUES('22P-9105','SE1001','C+');
INSERT INTO "grades" VALUES('22P-9105','SE2001','A-');
INSERT INTO "grades" VALUES('22P-9105','SE2002','B-');
INSERT INTO "grades" VALUES('22P-9105','SE3002','I');
INSERT INTO "grades" VALUES('22P-9105','SS2007','I');
INSERT INTO "grades" VALUES('22P-9107','CL1000','A+');
INSERT INTO "grades" VALUES('22P-9107','CS1002','C+');
INSERT INTO "grades" VALUES('22P-9107','CL1002','A+');
INSERT INTO "grades" VALUES('22P-9107','CS1004','A-');
INSERT INTO "grades" VALUES('22P-9107','CL1004','A');
INSERT INTO "grades" VALUES('22P-9107','CS1005','B+');
INSERT INTO "grades" VALUES('22P-9107','CS2001','A-');
INSERT INTO "grades" VALUES('22P-9107','CL2001','A');
INSERT INTO "grades" VALUES('22P-9107','CS2005','A-');
INSERT INTO "grades" VALUES('22P-9107','CL2005','B-');
INSERT INTO "grades" VALUES('22P-9107','CS2006','I');
INSERT INTO "grades" VALUES('22P-9107','CL2006','I');
INSERT INTO "grades" VALUES('22P-9107','MT1003','B+');
INSERT INTO "grades" VALUES('22P-9107','MT1004','D+');
INSERT INTO "grades" VALUES('22P-9107','MT2005','C');
INSERT INTO "grades" VALUES('22P-9107','NS1001','C+');
INSERT INTO "grades" VALUES('22P-9107','SE1001','B');
INSERT INTO "grades" VALUES('22P-9107','SE2001','A-');
INSERT INTO "grades" VALUES('22P-9107','SE2002','B+');
INSERT INTO "grades" VALUES('22P-9107','SE3002','I');
INSERT INTO "grades" VALUES('22P-9107','SS2007','I');
INSERT INTO "grades" VALUES('22P-9108','CL1000','A-');
INSERT INTO "grades" VALUES('22P-9108','CS1002','A+');
INSERT INTO "grades" VALUES('22P-9108','CL1002','B+');
INSERT INTO "grades" VALUES('22P-9108','CS1004','B+');
INSERT INTO "grades" VALUES('22P-9108','CL1004','A');
INSERT INTO "grades" VALUES('22P-9108','CS1005','A+');
INSERT INTO "grades" VALUES('22P-9108','CS2001','A-');
INSERT INTO "grades" VALUES('22P-9108','CL2001','A-');
INSERT INTO "grades" VALUES('22P-9108','CS2005','A-');
INSERT INTO "grades" VALUES('22P-9108','CL2005','A');
INSERT INTO "grades" VALUES('22P-9108','CS2006','I');
INSERT INTO "grades" VALUES('22P-9108','CL2006','I');
INSERT INTO "grades" VALUES('22P-9108','MT1003','A');
INSERT INTO "grades" VALUES('22P-9108','MT1004','A-');
INSERT INTO "grades" VALUES('22P-9108','MT2005','B+');
INSERT INTO "grades" VALUES('22P-9108','NS1001','A-');
INSERT INTO "grades" VALUES('22P-9108','SE1001','B-');
INSERT INTO "grades" VALUES('22P-9108','SE2001','B-');
INSERT INTO "grades" VALUES('22P-9108','SE2002','B+');
INSERT INTO "grades" VALUES('22P-9108','SE3002','I');
INSERT INTO "grades" VALUES('22P-9108','SS2007','I');
INSERT INTO "grades" VALUES('22P-9109','CL1000','C+');
INSERT INTO "grades" VALUES('22P-9109','CS1002','C-');
INSERT INTO "grades" VALUES('22P-9109','CL1002','C+');
INSERT INTO "grades" VALUES('22P-9109','CS1004','D+');
INSERT INTO "grades" VALUES('22P-9109','CL1004','A');
INSERT INTO "grades" VALUES('22P-9109','CS2001','D+');
INSERT INTO "grades" VALUES('22P-9109','CL2001','C');
INSERT INTO "grades" VALUES('22P-9109','CS2005','F');
INSERT INTO "grades" VALUES('22P-9109','CL2005','F');
INSERT INTO "grades" VALUES('22P-9109','MT1003','I');
INSERT INTO "grades" VALUES('22P-9109','MT1004','I');
INSERT INTO "grades" VALUES('22P-9109','MT2005','W');
INSERT INTO "grades" VALUES('22P-9109','NS1001','I');
INSERT INTO "grades" VALUES('22P-9109','SE1001','A-');
INSERT INTO "grades" VALUES('22P-9109','SE2001','C');
INSERT INTO "grades" VALUES('22P-9109','SE2002','C-');
INSERT INTO "grades" VALUES('22P-9110','CL1000','B+');
INSERT INTO "grades" VALUES('22P-9110','CS1002','B-');
INSERT INTO "grades" VALUES('22P-9110','CL1002','B+');
INSERT INTO "grades" VALUES('22P-9110','CS1004','B');
INSERT INTO "grades" VALUES('22P-9110','CL1004','A+');
INSERT INTO "grades" VALUES('22P-9110','CS1005','A+');
INSERT INTO "grades" VALUES('22P-9110','CS2001','A+');
INSERT INTO "grades" VALUES('22P-9110','CL2001','A+');
INSERT INTO "grades" VALUES('22P-9110','CS2005','A+');
INSERT INTO "grades" VALUES('22P-9110','CL2005','A+');
INSERT INTO "grades" VALUES('22P-9110','CS2006','I');
INSERT INTO "grades" VALUES('22P-9110','CL2006','I');
INSERT INTO "grades" VALUES('22P-9110','MT1003','A+');
INSERT INTO "grades" VALUES('22P-9110','MT1004','A+');
INSERT INTO "grades" VALUES('22P-9110','MT2005','A+');
INSERT INTO "grades" VALUES('22P-9110','NS1001','A+');
INSERT INTO "grades" VALUES('22P-9110','SE1001','A');
INSERT INTO "grades" VALUES('22P-9110','SE2001','A+');
INSERT INTO "grades" VALUES('22P-9110','SE2002','A');
INSERT INTO "grades" VALUES('22P-9110','SE3002','I');
INSERT INTO "grades" VALUES('22P-9110','SS2007','I');
INSERT INTO "grades" VALUES('22P-9111','CL1000','B+');
INSERT INTO "grades" VALUES('22P-9111','CS1002','B-');
INSERT INTO "grades" VALUES('22P-9111','CL1002','D+');
INSERT INTO "grades" VALUES('22P-9111','CS1004','C-');
INSERT INTO "grades" VALUES('22P-9111','CL1004','B-');
INSERT INTO "grades" VALUES('22P-9111','CS2001','F');
INSERT INTO "grades" VALUES('22P-9111','CL2001','D+');
INSERT INTO "grades" VALUES('22P-9111','MT1003','B+');
INSERT INTO "grades" VALUES('22P-9111','MT1004','C');
INSERT INTO "grades" VALUES('22P-9111','NS1001','D+');
INSERT INTO "grades" VALUES('22P-9111','SE1001','D');
INSERT INTO "grades" VALUES('22P-9111','SE2001','I');
INSERT INTO "grades" VALUES('22P-9111','SE2002','D');
INSERT INTO "grades" VALUES('22P-9112','CL1000','A-');
INSERT INTO "grades" VALUES('22P-9112','CS1002','C+');
INSERT INTO "grades" VALUES('22P-9112','CL1002','A');
INSERT INTO "grades" VALUES('22P-9112','CS1004','A-');
INSERT INTO "grades" VALUES('22P-9112','CL1004','A-');
INSERT INTO "grades" VALUES('22P-9112','CS1005','A-');
INSERT INTO "grades" VALUES('22P-9112','CS2001','A');
INSERT INTO "grades" VALUES('22P-9112','CL2001','A+');
INSERT INTO "grades" VALUES('22P-9112','CS2005','A+');
INSERT INTO "grades" VALUES('22P-9112','CL2005','A+');
INSERT INTO "grades" VALUES('22P-9112','CS2006','I');
INSERT INTO "grades" VALUES('22P-9112','CL2006','I');
INSERT INTO "grades" VALUES('22P-9112','MT1003','A-');
INSERT INTO "grades" VALUES('22P-9112','MT1004','A+');
INSERT INTO "grades" VALUES('22P-9112','MT2005','A+');
INSERT INTO "grades" VALUES('22P-9112','NS1001','A+');
INSERT INTO "grades" VALUES('22P-9112','SE1001','A-');
INSERT INTO "grades" VALUES('22P-9112','SE2001','A+');
INSERT INTO "grades" VALUES('22P-9112','SE2002','A+');
INSERT INTO "grades" VALUES('22P-9112','SE3002','I');
INSERT INTO "grades" VALUES('22P-9112','SS2007','I');
INSERT INTO "grades" VALUES('22P-9113','CL1000','F');
INSERT INTO "grades" VALUES('22P-9113','CS1002','F');
INSERT INTO "grades" VALUES('22P-9113','CL1002','F');
INSERT INTO "grades" VALUES('22P-9113','MT1003','F');
INSERT INTO "grades" VALUES('22P-9113','NS1001','F');
INSERT INTO "grades" VALUES('22P-9114','CL1000','A-');
INSERT INTO "grades" VALUES('22P-9114','CS1002','D+');
INSERT INTO "grades" VALUES('22P-9114','CL1002','A');
INSERT INTO "grades" VALUES('22P-9114','CS1004','B');
INSERT INTO "grades" VALUES('22P-9114','CL1004','A+');
INSERT INTO "grades" VALUES('22P-9114','CS1005','A+');
INSERT INTO "grades" VALUES('22P-9114','CS2001','A-');
INSERT INTO "grades" VALUES('22P-9114','CL2001','B+');
INSERT INTO "grades" VALUES('22P-9114','CS2005','A');
INSERT INTO "grades" VALUES('22P-9114','CL2005','A');
INSERT INTO "grades" VALUES('22P-9114','CS2006','I');
INSERT INTO "grades" VALUES('22P-9114','CL2006','I');
INSERT INTO "grades" VALUES('22P-9114','MT1003','C');
INSERT INTO "grades" VALUES('22P-9114','MT1004','B');
INSERT INTO "grades" VALUES('22P-9114','MT2005','A+');
INSERT INTO "grades" VALUES('22P-9114','NS1001','D');
INSERT INTO "grades" VALUES('22P-9114','SE1001','C+');
INSERT INTO "grades" VALUES('22P-9114','SE2001','B+');
INSERT INTO "grades" VALUES('22P-9114','SE2002','A-');
INSERT INTO "grades" VALUES('22P-9114','SE3002','I');
INSERT INTO "grades" VALUES('22P-9114','SS2007','I');
INSERT INTO "grades" VALUES('22P-9115','CL1000','B');
INSERT INTO "grades" VALUES('22P-9115','CS1002','D');
INSERT INTO "grades" VALUES('22P-9115','CL1002','C');
INSERT INTO "grades" VALUES('22P-9115','CS1004','C');
INSERT INTO "grades" VALUES('22P-9115','CL1004','B');
INSERT INTO "grades" VALUES('22P-9115','CS1005','B+');
INSERT INTO "grades" VALUES('22P-9115','CS2001','C+');
INSERT INTO "grades" VALUES('22P-9115','CL2001','B+');
INSERT INTO "grades" VALUES('22P-9115','CS2005','C+');
INSERT INTO "grades" VALUES('22P-9115','CL2005','C');
INSERT INTO "grades" VALUES('22P-9115','CS2006','I');
INSERT INTO "grades" VALUES('22P-9115','CL2006','I');
INSERT INTO "grades" VALUES('22P-9115','MT1003','B+');
INSERT INTO "grades" VALUES('22P-9115','MT1004','D+');
INSERT INTO "grades" VALUES('22P-9115','MT2005','B+');
INSERT INTO "grades" VALUES('22P-9115','NS1001','B');
INSERT INTO "grades" VALUES('22P-9115','SE1001','D');
INSERT INTO "grades" VALUES('22P-9115','SE2001','B');
INSERT INTO "grades" VALUES('22P-9115','SE2002','C');
INSERT INTO "grades" VALUES('22P-9115','SE3002','I');
INSERT INTO "grades" VALUES('22P-9115','SS2007','I');
INSERT INTO "grades" VALUES('22P-9116','CL1000','B-');
INSERT INTO "grades" VALUES('22P-9116','CS1002','A');
INSERT INTO "grades" VALUES('22P-9116','CL1002','D+');
INSERT INTO "grades" VALUES('22P-9116','CS1004','C');
INSERT INTO "grades" VALUES('22P-9116','CL1004','C+');
INSERT INTO "grades" VALUES('22P-9116','CS1005','B+');
INSERT INTO "grades" VALUES('22P-9116','CS2001','A-');
INSERT INTO "grades" VALUES('22P-9116','CL2001','B-');
INSERT INTO "grades" VALUES('22P-9116','CS2006','I');
INSERT INTO "grades" VALUES('22P-9116','CL2006','I');
INSERT INTO "grades" VALUES('22P-9116','MT1003','B');
INSERT INTO "grades" VALUES('22P-9116','MT1004','D');
INSERT INTO "grades" VALUES('22P-9116','MT2005','B+');
INSERT INTO "grades" VALUES('22P-9116','NS1001','B');
INSERT INTO "grades" VALUES('22P-9116','SE1001','D');
INSERT INTO "grades" VALUES('22P-9116','SE2001','C');
INSERT INTO "grades" VALUES('22P-9116','SE2002','C+');
INSERT INTO "grades" VALUES('22P-9116','SE3002','I');
INSERT INTO "grades" VALUES('22P-9116','SS2007','I');
INSERT INTO "grades" VALUES('22P-9117','CL1000','B-');
INSERT INTO "grades" VALUES('22P-9117','CS1002','A');
INSERT INTO "grades" VALUES('22P-9117','CL1002','B');
INSERT INTO "grades" VALUES('22P-9117','CS1004','B+');
INSERT INTO "grades" VALUES('22P-9117','CL1004','B-');
INSERT INTO "grades" VALUES('22P-9117','CS1005','B');
INSERT INTO "grades" VALUES('22P-9117','CS2001','B+');
INSERT INTO "grades" VALUES('22P-9117','CL2001','C-');
INSERT INTO "grades" VALUES('22P-9117','CS2006','I');
INSERT INTO "grades" VALUES('22P-9117','CL2006','I');
INSERT INTO "grades" VALUES('22P-9117','MT1003','A-');
INSERT INTO "grades" VALUES('22P-9117','MT1004','C+');
INSERT INTO "grades" VALUES('22P-9117','MT2005','A-');
INSERT INTO "grades" VALUES('22P-9117','NS1001','A-');
INSERT INTO "grades" VALUES('22P-9117','SE1001','B+');
INSERT INTO "grades" VALUES('22P-9117','SE2001','A-');
INSERT INTO "grades" VALUES('22P-9117','SE2002','B+');
INSERT INTO "grades" VALUES('22P-9117','SE3002','I');
INSERT INTO "grades" VALUES('22P-9117','SS2007','I');
INSERT INTO "grades" VALUES('22P-9119','CL1000','B-');
INSERT INTO "grades" VALUES('22P-9119','CS1002','C-');
INSERT INTO "grades" VALUES('22P-9119','CL1002','C');
INSERT INTO "grades" VALUES('22P-9119','CS1005','D+');
INSERT INTO "grades" VALUES('22P-9119','MT1003','F');
INSERT INTO "grades" VALUES('22P-9119','NS1001','F');
INSERT INTO "grades" VALUES('22P-9119','SE1001','F');
INSERT INTO "grades" VALUES('22P-9120','CL1000','B');
INSERT INTO "grades" VALUES('22P-9120','CS1002','D');
INSERT INTO "grades" VALUES('22P-9120','CL1002','FA');
INSERT INTO "grades" VALUES('22P-9120','MT1003','FA');
INSERT INTO "grades" VALUES('22P-9120','NS1001','D+');
INSERT INTO "grades" VALUES('22P-9120','SE1001','FA');
INSERT INTO "grades" VALUES('22P-9121','CL1000','F');
INSERT INTO "grades" VALUES('22P-9121','CS1002','FA');
INSERT INTO "grades" VALUES('22P-9121','CL1002','FA');
INSERT INTO "grades" VALUES('22P-9121','MT1003','F');
INSERT INTO "grades" VALUES('22P-9121','NS1001','F');
INSERT INTO "grades" VALUES('22P-9122','CL1000','C');
INSERT INTO "grades" VALUES('22P-9122','CS1002','F');
INSERT INTO "grades" VALUES('22P-9122','CL1002','D+');
INSERT INTO "grades" VALUES('22P-9122','MT1003','F');
INSERT INTO "grades" VALUES('22P-9122','NS1001','F');
INSERT INTO "grades" VALUES('22P-9123','CL1000','A-');
INSERT INTO "grades" VALUES('22P-9123','CS1002','C+');
INSERT INTO "grades" VALUES('22P-9123','CL1002','A+');
INSERT INTO "grades" VALUES('22P-9123','CS1004','C+');
INSERT INTO "grades" VALUES('22P-9123','CL1004','A');
INSERT INTO "grades" VALUES('22P-9123','CS1005','B+');
INSERT INTO "grades" VALUES('22P-9123','CS2001','A-');
INSERT INTO "grades" VALUES('22P-9123','CL2001','A');
INSERT INTO "grades" VALUES('22P-9123','CS2005','B+');
INSERT INTO "grades" VALUES('22P-9123','CL2005','A-');
INSERT INTO "grades" VALUES('22P-9123','CS2006','I');
INSERT INTO "grades" VALUES('22P-9123','CL2006','I');
INSERT INTO "grades" VALUES('22P-9123','MT1003','B+');
INSERT INTO "grades" VALUES('22P-9123','MT1004','C+');
INSERT INTO "grades" VALUES('22P-9123','MT2005','A');
INSERT INTO "grades" VALUES('22P-9123','NS1001','A-');
INSERT INTO "grades" VALUES('22P-9123','SE1001','C+');
INSERT INTO "grades" VALUES('22P-9123','SE2001','A-');
INSERT INTO "grades" VALUES('22P-9123','SE2002','A-');
INSERT INTO "grades" VALUES('22P-9123','SE3002','I');
INSERT INTO "grades" VALUES('22P-9123','SS2007','I');
INSERT INTO "grades" VALUES('22P-9124','CL1000','B');
INSERT INTO "grades" VALUES('22P-9124','CS1002','D+');
INSERT INTO "grades" VALUES('22P-9124','CL1002','B');
INSERT INTO "grades" VALUES('22P-9124','CS1004','B+');
INSERT INTO "grades" VALUES('22P-9124','CL1004','B-');
INSERT INTO "grades" VALUES('22P-9124','CS1005','C');
INSERT INTO "grades" VALUES('22P-9124','CS2001','A-');
INSERT INTO "grades" VALUES('22P-9124','CL2001','C-');
INSERT INTO "grades" VALUES('22P-9124','CS2006','I');
INSERT INTO "grades" VALUES('22P-9124','CL2006','I');
INSERT INTO "grades" VALUES('22P-9124','MT1003','C');
INSERT INTO "grades" VALUES('22P-9124','MT2005','C+');
INSERT INTO "grades" VALUES('22P-9124','NS1001','C-');
INSERT INTO "grades" VALUES('22P-9124','SE1001','D+');
INSERT INTO "grades" VALUES('22P-9124','SE2001','I');
INSERT INTO "grades" VALUES('22P-9124','SE2002','C');
INSERT INTO "grades" VALUES('22P-9124','SE3002','I');
INSERT INTO "grades" VALUES('22P-9124','SS2007','I');
INSERT INTO "grades" VALUES('22P-9126','CL1000','B+');
INSERT INTO "grades" VALUES('22P-9126','CS1002','F');
INSERT INTO "grades" VALUES('22P-9126','CL1002','C');
INSERT INTO "grades" VALUES('22P-9126','MT1003','D');
INSERT INTO "grades" VALUES('22P-9126','NS1001','W');
INSERT INTO "grades" VALUES('22P-9126','SE1001','F');
INSERT INTO "grades" VALUES('22P-9127','CL1000','B-');
INSERT INTO "grades" VALUES('22P-9127','CS1002','D');
INSERT INTO "grades" VALUES('22P-9127','CL1002','F');
INSERT INTO "grades" VALUES('22P-9127','CS1005','F');
INSERT INTO "grades" VALUES('22P-9127','MT1003','C-');
INSERT INTO "grades" VALUES('22P-9127','NS1001','D');
INSERT INTO "grades" VALUES('22P-9127','SE1001','F');
INSERT INTO "grades" VALUES('22P-9128','CL1000','B-');
INSERT INTO "grades" VALUES('22P-9128','CS1002','D+');
INSERT INTO "grades" VALUES('22P-9128','CL1002','C+');
INSERT INTO "grades" VALUES('22P-9128','CS1004','B-');
INSERT INTO "grades" VALUES('22P-9128','CL1004','A-');
INSERT INTO "grades" VALUES('22P-9128','CS1005','B+');
INSERT INTO "grades" VALUES('22P-9128','CS2001','B+');
INSERT INTO "grades" VALUES('22P-9128','CL2001','B+');
INSERT INTO "grades" VALUES('22P-9128','CS2005','B');
INSERT INTO "grades" VALUES('22P-9128','CL2005','C');
INSERT INTO "grades" VALUES('22P-9128','CS2006','I');
INSERT INTO "grades" VALUES('22P-9128','CL2006','I');
INSERT INTO "grades" VALUES('22P-9128','MT1003','A-');
INSERT INTO "grades" VALUES('22P-9128','MT1004','B-');
INSERT INTO "grades" VALUES('22P-9128','MT2005','C+');
INSERT INTO "grades" VALUES('22P-9128','NS1001','B');
INSERT INTO "grades" VALUES('22P-9128','SE1001','C+');
INSERT INTO "grades" VALUES('22P-9128','SE2001','B');
INSERT INTO "grades" VALUES('22P-9128','SE2002','C+');
INSERT INTO "grades" VALUES('22P-9128','SE3002','I');
INSERT INTO "grades" VALUES('22P-9128','SS2007','I');
INSERT INTO "grades" VALUES('22P-9129','CL1000','FA');
INSERT INTO "grades" VALUES('22P-9129','CS1002','FA');
INSERT INTO "grades" VALUES('22P-9129','CL1002','FA');
INSERT INTO "grades" VALUES('22P-9129','MT1003','FA');
INSERT INTO "grades" VALUES('22P-9129','NS1001','FA');
INSERT INTO "grades" VALUES('22P-9131','CL1000','B');
INSERT INTO "grades" VALUES('22P-9131','CS1002','A+');
INSERT INTO "grades" VALUES('22P-9131','CL1002','A+');
INSERT INTO "grades" VALUES('22P-9131','CS1004','B');
INSERT INTO "grades" VALUES('22P-9131','CL1004','A+');
INSERT INTO "grades" VALUES('22P-9131','CS1005','A-');
INSERT INTO "grades" VALUES('22P-9131','CS2001','B+');
INSERT INTO "grades" VALUES('22P-9131','CL2001','A');
INSERT INTO "grades" VALUES('22P-9131','CS2006','I');
INSERT INTO "grades" VALUES('22P-9131','CL2006','I');
INSERT INTO "grades" VALUES('22P-9131','MT1003','B');
INSERT INTO "grades" VALUES('22P-9131','MT1004','B-');
INSERT INTO "grades" VALUES('22P-9131','MT2005','W');
INSERT INTO "grades" VALUES('22P-9131','NS1001','B+');
INSERT INTO "grades" VALUES('22P-9131','SE1001','C');
INSERT INTO "grades" VALUES('22P-9131','SE2001','B');
INSERT INTO "grades" VALUES('22P-9131','SE2002','A-');
INSERT INTO "grades" VALUES('22P-9131','SE3002','I');
INSERT INTO "grades" VALUES('22P-9131','SS2007','I');
INSERT INTO "grades" VALUES('22P-9132','CL1000','C');
INSERT INTO "grades" VALUES('22P-9132','CS1002','F');
INSERT INTO "grades" VALUES('22P-9132','CL1002','F');
INSERT INTO "grades" VALUES('22P-9132','MT1003','W');
INSERT INTO "grades" VALUES('22P-9132','NS1001','W');
INSERT INTO "grades" VALUES('22P-9133','CL1000','B');
INSERT INTO "grades" VALUES('22P-9133','CS1002','D+');
INSERT INTO "grades" VALUES('22P-9133','CL1002','D');
INSERT INTO "grades" VALUES('22P-9133','CS1004','D');
INSERT INTO "grades" VALUES('22P-9133','CL1004','D');
INSERT INTO "grades" VALUES('22P-9133','CS1005','F');
INSERT INTO "grades" VALUES('22P-9133','CS2001','D');
INSERT INTO "grades" VALUES('22P-9133','CL2001','D+');
INSERT INTO "grades" VALUES('22P-9133','MT1003','C');
INSERT INTO "grades" VALUES('22P-9133','MT1004','C+');
INSERT INTO "grades" VALUES('22P-9133','MT2005','D');
INSERT INTO "grades" VALUES('22P-9133','NS1001','D');
INSERT INTO "grades" VALUES('22P-9133','SE1001','C+');
INSERT INTO "grades" VALUES('22P-9133','SE2001','C');
INSERT INTO "grades" VALUES('22P-9133','SE2002','C-');
INSERT INTO "grades" VALUES('22P-9134','CL1000','B-');
INSERT INTO "grades" VALUES('22P-9134','CS1002','D');
INSERT INTO "grades" VALUES('22P-9134','CL1002','C-');
INSERT INTO "grades" VALUES('22P-9134','CS1004','C-');
INSERT INTO "grades" VALUES('22P-9134','CL1004','D+');
INSERT INTO "grades" VALUES('22P-9134','CS1005','C-');
INSERT INTO "grades" VALUES('22P-9134','CS2001','C-');
INSERT INTO "grades" VALUES('22P-9134','CL2001','C-');
INSERT INTO "grades" VALUES('22P-9134','CS2006','I');
INSERT INTO "grades" VALUES('22P-9134','CL2006','I');
INSERT INTO "grades" VALUES('22P-9134','MT1003','B-');
INSERT INTO "grades" VALUES('22P-9134','MT1004','B+');
INSERT INTO "grades" VALUES('22P-9134','MT2005','I');
INSERT INTO "grades" VALUES('22P-9134','NS1001','C');
INSERT INTO "grades" VALUES('22P-9134','SE1001','C+');
INSERT INTO "grades" VALUES('22P-9134','SE2001','I');
INSERT INTO "grades" VALUES('22P-9134','SS2007','I');
INSERT INTO "grades" VALUES('22P-9135','CL1000','B-');
INSERT INTO "grades" VALUES('22P-9135','CS1002','C-');
INSERT INTO "grades" VALUES('22P-9135','CL1002','B+');
INSERT INTO "grades" VALUES('22P-9135','CS1004','D+');
INSERT INTO "grades" VALUES('22P-9135','CL1004','B+');
INSERT INTO "grades" VALUES('22P-9135','CS1005','W');
INSERT INTO "grades" VALUES('22P-9135','CS2001','C-');
INSERT INTO "grades" VALUES('22P-9135','CL2001','C');
INSERT INTO "grades" VALUES('22P-9135','CS2005','C-');
INSERT INTO "grades" VALUES('22P-9135','CL2005','D');
INSERT INTO "grades" VALUES('22P-9135','MT1003','C+');
INSERT INTO "grades" VALUES('22P-9135','MT1004','I');
INSERT INTO "grades" VALUES('22P-9135','NS1001','C-');
INSERT INTO "grades" VALUES('22P-9135','SE1001','D');
INSERT INTO "grades" VALUES('22P-9135','SE2001','C-');
INSERT INTO "grades" VALUES('22P-9135','SE2002','D');
INSERT INTO "grades" VALUES('22P-9135','SS1007','I');
INSERT INTO "grades" VALUES('22P-9136','CL1000','B');
INSERT INTO "grades" VALUES('22P-9136','CS1002','A-');
INSERT INTO "grades" VALUES('22P-9136','CL1002','C');
INSERT INTO "grades" VALUES('22P-9136','CS1004','C-');
INSERT INTO "grades" VALUES('22P-9136','CL1004','C-');
INSERT INTO "grades" VALUES('22P-9136','CS1005','C+');
INSERT INTO "grades" VALUES('22P-9136','CS2001','C');
INSERT INTO "grades" VALUES('22P-9136','CL2001','B+');
INSERT INTO "grades" VALUES('22P-9136','CS2006','I');
INSERT INTO "grades" VALUES('22P-9136','CL2006','I');
INSERT INTO "grades" VALUES('22P-9136','MT1003','C');
INSERT INTO "grades" VALUES('22P-9136','MT1004','D');
INSERT INTO "grades" VALUES('22P-9136','MT2005','C');
INSERT INTO "grades" VALUES('22P-9136','NS1001','B+');
INSERT INTO "grades" VALUES('22P-9136','SE1001','C-');
INSERT INTO "grades" VALUES('22P-9136','SE2001','B-');
INSERT INTO "grades" VALUES('22P-9136','SE2002','C');
INSERT INTO "grades" VALUES('22P-9136','SE3002','I');
INSERT INTO "grades" VALUES('22P-9136','SS2007','I');
INSERT INTO "grades" VALUES('22P-9137','CL1000','FA');
INSERT INTO "grades" VALUES('22P-9137','CS1002','FA');
INSERT INTO "grades" VALUES('22P-9137','CL1002','FA');
INSERT INTO "grades" VALUES('22P-9137','MT1003','FA');
INSERT INTO "grades" VALUES('22P-9137','NS1001','FA');
INSERT INTO "grades" VALUES('22P-9138','CL1000','B-');
INSERT INTO "grades" VALUES('22P-9138','CS1002','C-');
INSERT INTO "grades" VALUES('22P-9138','CL1002','C+');
INSERT INTO "grades" VALUES('22P-9138','CS1004','C');
INSERT INTO "grades" VALUES('22P-9138','CL1004','C+');
INSERT INTO "grades" VALUES('22P-9138','CS1005','F');
INSERT INTO "grades" VALUES('22P-9138','CS2001','B-');
INSERT INTO "grades" VALUES('22P-9138','CL2001','C');
INSERT INTO "grades" VALUES('22P-9138','CS2005','B-');
INSERT INTO "grades" VALUES('22P-9138','CL2005','C');
INSERT INTO "grades" VALUES('22P-9138','CS2006','I');
INSERT INTO "grades" VALUES('22P-9138','CL2006','I');
INSERT INTO "grades" VALUES('22P-9138','MT1003','C+');
INSERT INTO "grades" VALUES('22P-9138','MT1004','C');
INSERT INTO "grades" VALUES('22P-9138','MT2005','C-');
INSERT INTO "grades" VALUES('22P-9138','NS1001','B');
INSERT INTO "grades" VALUES('22P-9138','SE1001','C-');
INSERT INTO "grades" VALUES('22P-9138','SE2001','C+');
INSERT INTO "grades" VALUES('22P-9138','SE2002','C-');
INSERT INTO "grades" VALUES('22P-9138','SE3002','I');
INSERT INTO "grades" VALUES('22P-9138','SS2007','I');
INSERT INTO "grades" VALUES('22P-9139','CL1000','B');
INSERT INTO "grades" VALUES('22P-9139','CS1002','B+');
INSERT INTO "grades" VALUES('22P-9139','CL1002','C+');
INSERT INTO "grades" VALUES('22P-9139','CS1004','D+');
INSERT INTO "grades" VALUES('22P-9139','CL1004','C+');
INSERT INTO "grades" VALUES('22P-9139','CS1005','A');
INSERT INTO "grades" VALUES('22P-9139','CS2001','D+');
INSERT INTO "grades" VALUES('22P-9139','CL2001','C-');
INSERT INTO "grades" VALUES('22P-9139','CS2006','I');
INSERT INTO "grades" VALUES('22P-9139','CL2006','I');
INSERT INTO "grades" VALUES('22P-9139','MT1003','A-');
INSERT INTO "grades" VALUES('22P-9139','MT1004','D+');
INSERT INTO "grades" VALUES('22P-9139','MT2005','C-');
INSERT INTO "grades" VALUES('22P-9139','NS1001','A+');
INSERT INTO "grades" VALUES('22P-9139','SE1001','C');
INSERT INTO "grades" VALUES('22P-9139','SE2001','C+');
INSERT INTO "grades" VALUES('22P-9139','SE2002','C+');
INSERT INTO "grades" VALUES('22P-9139','SE3002','I');
INSERT INTO "grades" VALUES('22P-9139','SS2007','I');
INSERT INTO "grades" VALUES('22P-9140','CL1000','D+');
INSERT INTO "grades" VALUES('22P-9140','CS1002','A-');
INSERT INTO "grades" VALUES('22P-9140','CL1002','A-');
INSERT INTO "grades" VALUES('22P-9140','CS1004','C+');
INSERT INTO "grades" VALUES('22P-9140','CL1004','D+');
INSERT INTO "grades" VALUES('22P-9140','CS1005','C+');
INSERT INTO "grades" VALUES('22P-9140','CS2001','C+');
INSERT INTO "grades" VALUES('22P-9140','CL2001','D+');
INSERT INTO "grades" VALUES('22P-9140','CS2006','I');
INSERT INTO "grades" VALUES('22P-9140','CL2006','I');
INSERT INTO "grades" VALUES('22P-9140','MT1003','A+');
INSERT INTO "grades" VALUES('22P-9140','MT1004','D');
INSERT INTO "grades" VALUES('22P-9140','MT2005','C-');
INSERT INTO "grades" VALUES('22P-9140','NS1001','C+');
INSERT INTO "grades" VALUES('22P-9140','SE1001','D+');
INSERT INTO "grades" VALUES('22P-9140','SE2001','I');
INSERT INTO "grades" VALUES('22P-9140','SE3002','I');
INSERT INTO "grades" VALUES('22P-9140','SS2007','I');
INSERT INTO "grades" VALUES('22P-9141','CL1000','A-');
INSERT INTO "grades" VALUES('22P-9141','CS1002','A');
INSERT INTO "grades" VALUES('22P-9141','CL1002','C-');
INSERT INTO "grades" VALUES('22P-9141','CS1004','C-');
INSERT INTO "grades" VALUES('22P-9141','CL1004','C+');
INSERT INTO "grades" VALUES('22P-9141','CS1005','A');
INSERT INTO "grades" VALUES('22P-9141','CS2001','B+');
INSERT INTO "grades" VALUES('22P-9141','CL2001','B');
INSERT INTO "grades" VALUES('22P-9141','CS2006','I');
INSERT INTO "grades" VALUES('22P-9141','CL2006','I');
INSERT INTO "grades" VALUES('22P-9141','MT1003','C');
INSERT INTO "grades" VALUES('22P-9141','MT1004','B-');
INSERT INTO "grades" VALUES('22P-9141','MT2005','A-');
INSERT INTO "grades" VALUES('22P-9141','NS1001','C-');
INSERT INTO "grades" VALUES('22P-9141','SE1001','D+');
INSERT INTO "grades" VALUES('22P-9141','SE2001','B-');
INSERT INTO "grades" VALUES('22P-9141','SE2002','B-');
INSERT INTO "grades" VALUES('22P-9141','SE3002','I');
INSERT INTO "grades" VALUES('22P-9141','SS2007','I');
INSERT INTO "grades" VALUES('22P-9142','CL1000','B-');
INSERT INTO "grades" VALUES('22P-9142','CS1002','F');
INSERT INTO "grades" VALUES('22P-9142','CL1002','D');
INSERT INTO "grades" VALUES('22P-9142','MT1003','D+');
INSERT INTO "grades" VALUES('22P-9142','NS1001','C-');
INSERT INTO "grades" VALUES('22P-9142','SE1001','F');
INSERT INTO "grades" VALUES('22P-9143','CL1000','B');
INSERT INTO "grades" VALUES('22P-9143','CS1002','C');
INSERT INTO "grades" VALUES('22P-9143','CL1002','A+');
INSERT INTO "grades" VALUES('22P-9143','CS1004','B-');
INSERT INTO "grades" VALUES('22P-9143','CL1004','A');
INSERT INTO "grades" VALUES('22P-9143','CS1005','B+');
INSERT INTO "grades" VALUES('22P-9143','CS2001','A');
INSERT INTO "grades" VALUES('22P-9143','CL2001','B+');
INSERT INTO "grades" VALUES('22P-9143','CS2005','A');
INSERT INTO "grades" VALUES('22P-9143','CL2005','A');
INSERT INTO "grades" VALUES('22P-9143','CS2006','I');
INSERT INTO "grades" VALUES('22P-9143','CL2006','I');
INSERT INTO "grades" VALUES('22P-9143','MT1003','A');
INSERT INTO "grades" VALUES('22P-9143','MT1004','A-');
INSERT INTO "grades" VALUES('22P-9143','MT2005','A+');
INSERT INTO "grades" VALUES('22P-9143','NS1001','A-');
INSERT INTO "grades" VALUES('22P-9143','SE1001','B+');
INSERT INTO "grades" VALUES('22P-9143','SE2001','A+');
INSERT INTO "grades" VALUES('22P-9143','SE2002','A');
INSERT INTO "grades" VALUES('22P-9143','SE3002','I');
INSERT INTO "grades" VALUES('22P-9143','SS2007','I');
INSERT INTO "grades" VALUES('22P-9144','CL1000','D');
INSERT INTO "grades" VALUES('22P-9144','CS1002','F');
INSERT INTO "grades" VALUES('22P-9144','CL1002','F');
INSERT INTO "grades" VALUES('22P-9144','CS1005','W');
INSERT INTO "grades" VALUES('22P-9144','MT1003','F');
INSERT INTO "grades" VALUES('22P-9144','NS1001','F');
INSERT INTO "grades" VALUES('22P-9144','SE1001','W');
INSERT INTO "grades" VALUES('22P-9145','CL1000','B');
INSERT INTO "grades" VALUES('22P-9145','CS1002','D+');
INSERT INTO "grades" VALUES('22P-9145','CL1002','C');
INSERT INTO "grades" VALUES('22P-9145','CS1004','B+');
INSERT INTO "grades" VALUES('22P-9145','CL1004','A-');
INSERT INTO "grades" VALUES('22P-9145','CS1005','A+');
INSERT INTO "grades" VALUES('22P-9145','CS2001','A-');
INSERT INTO "grades" VALUES('22P-9145','CL2001','B+');
INSERT INTO "grades" VALUES('22P-9145','CS2005','B');
INSERT INTO "grades" VALUES('22P-9145','CL2005','A-');
INSERT INTO "grades" VALUES('22P-9145','CS2006','I');
INSERT INTO "grades" VALUES('22P-9145','CL2006','I');
INSERT INTO "grades" VALUES('22P-9145','MT1003','A-');
INSERT INTO "grades" VALUES('22P-9145','MT1004','C');
INSERT INTO "grades" VALUES('22P-9145','MT2005','C+');
INSERT INTO "grades" VALUES('22P-9145','NS1001','B');
INSERT INTO "grades" VALUES('22P-9145','SE1001','C-');
INSERT INTO "grades" VALUES('22P-9145','SE2001','B+');
INSERT INTO "grades" VALUES('22P-9145','SE2002','C');
INSERT INTO "grades" VALUES('22P-9145','SE3002','I');
INSERT INTO "grades" VALUES('22P-9145','SS2007','I');
INSERT INTO "grades" VALUES('22P-9146','CL1000','B');
INSERT INTO "grades" VALUES('22P-9146','CS1002','C-');
INSERT INTO "grades" VALUES('22P-9146','CL1002','D+');
INSERT INTO "grades" VALUES('22P-9146','CS1004','C+');
INSERT INTO "grades" VALUES('22P-9146','CL1004','A');
INSERT INTO "grades" VALUES('22P-9146','CS1005','B-');
INSERT INTO "grades" VALUES('22P-9146','CS2001','C+');
INSERT INTO "grades" VALUES('22P-9146','CL2001','B+');
INSERT INTO "grades" VALUES('22P-9146','CS2005','A+');
INSERT INTO "grades" VALUES('22P-9146','CL2005','B');
INSERT INTO "grades" VALUES('22P-9146','CS2006','I');
INSERT INTO "grades" VALUES('22P-9146','CL2006','I');
INSERT INTO "grades" VALUES('22P-9146','MT1003','B-');
INSERT INTO "grades" VALUES('22P-9146','MT1004','B+');
INSERT INTO "grades" VALUES('22P-9146','MT2005','C+');
INSERT INTO "grades" VALUES('22P-9146','NS1001','A-');
INSERT INTO "grades" VALUES('22P-9146','SE1001','C+');
INSERT INTO "grades" VALUES('22P-9146','SE2001','A');
INSERT INTO "grades" VALUES('22P-9146','SE2002','B+');
INSERT INTO "grades" VALUES('22P-9146','SE3002','I');
INSERT INTO "grades" VALUES('22P-9146','SS2007','I');
INSERT INTO "grades" VALUES('22P-9147','CL1000','B-');
INSERT INTO "grades" VALUES('22P-9147','CS1002','D+');
INSERT INTO "grades" VALUES('22P-9147','CL1002','B+');
INSERT INTO "grades" VALUES('22P-9147','CS1004','D+');
INSERT INTO "grades" VALUES('22P-9147','CL1004','B+');
INSERT INTO "grades" VALUES('22P-9147','CS1005','B-');
INSERT INTO "grades" VALUES('22P-9147','CS2001','C+');
INSERT INTO "grades" VALUES('22P-9147','CL2001','C+');
INSERT INTO "grades" VALUES('22P-9147','CS2005','A-');
INSERT INTO "grades" VALUES('22P-9147','CL2005','C');
INSERT INTO "grades" VALUES('22P-9147','CS2006','I');
INSERT INTO "grades" VALUES('22P-9147','CL2006','I');
INSERT INTO "grades" VALUES('22P-9147','MT1003','B-');
INSERT INTO "grades" VALUES('22P-9147','MT1004','F');
INSERT INTO "grades" VALUES('22P-9147','MT2005','C+');
INSERT INTO "grades" VALUES('22P-9147','NS1001','C');
INSERT INTO "grades" VALUES('22P-9147','SE1001','C+');
INSERT INTO "grades" VALUES('22P-9147','SE2001','B');
INSERT INTO "grades" VALUES('22P-9147','SE2002','B-');
INSERT INTO "grades" VALUES('22P-9147','SE3002','I');
INSERT INTO "grades" VALUES('22P-9147','SS2007','I');
INSERT INTO "grades" VALUES('22P-9148','CL1000','D+');
INSERT INTO "grades" VALUES('22P-9148','CS1002','FA');
INSERT INTO "grades" VALUES('22P-9148','CL1002','FA');
INSERT INTO "grades" VALUES('22P-9148','MT1003','F');
INSERT INTO "grades" VALUES('22P-9148','NS1001','C-');
INSERT INTO "grades" VALUES('22P-9148','SE1001','FA');
INSERT INTO "grades" VALUES('22P-9149','CL1000','C-');
INSERT INTO "grades" VALUES('22P-9149','CS1002','C+');
INSERT INTO "grades" VALUES('22P-9149','CL1002','C-');
INSERT INTO "grades" VALUES('22P-9149','CS1004','D+');
INSERT INTO "grades" VALUES('22P-9149','CL1004','D+');
INSERT INTO "grades" VALUES('22P-9149','CS2001','I');
INSERT INTO "grades" VALUES('22P-9149','CL2001','I');
INSERT INTO "grades" VALUES('22P-9149','MT1003','D');
INSERT INTO "grades" VALUES('22P-9149','MT1004','D');
INSERT INTO "grades" VALUES('22P-9149','MT2005','C-');
INSERT INTO "grades" VALUES('22P-9149','NS1001','B');
INSERT INTO "grades" VALUES('22P-9149','SE1001','D');
INSERT INTO "grades" VALUES('22P-9149','SE2001','B');
INSERT INTO "grades" VALUES('22P-9149','SE2002','C');
INSERT INTO "grades" VALUES('22P-9149','SS2007','I');
INSERT INTO "grades" VALUES('22P-9149','SS1013','I');
INSERT INTO "grades" VALUES('22P-9150','CL1000','D');
INSERT INTO "grades" VALUES('22P-9150','CS1002','A+');
INSERT INTO "grades" VALUES('22P-9150','CL1002','A+');
INSERT INTO "grades" VALUES('22P-9150','CS1004','B+');
INSERT INTO "grades" VALUES('22P-9150','CL1004','A+');
INSERT INTO "grades" VALUES('22P-9150','CS2001','A+');
INSERT INTO "grades" VALUES('22P-9150','CL2001','A+');
INSERT INTO "grades" VALUES('22P-9150','CS2006','I');
INSERT INTO "grades" VALUES('22P-9150','CL2006','I');
INSERT INTO "grades" VALUES('22P-9150','MT1003','A-');
INSERT INTO "grades" VALUES('22P-9150','MT1004','B-');
INSERT INTO "grades" VALUES('22P-9150','MT2005','B-');
INSERT INTO "grades" VALUES('22P-9150','NS1001','B');
INSERT INTO "grades" VALUES('22P-9150','SE1001','C');
INSERT INTO "grades" VALUES('22P-9150','SE2001','I');
INSERT INTO "grades" VALUES('22P-9150','SE2002','B');
INSERT INTO "grades" VALUES('22P-9150','SE3002','I');
INSERT INTO "grades" VALUES('22P-9151','CL1000','D+');
INSERT INTO "grades" VALUES('22P-9151','CS1002','C-');
INSERT INTO "grades" VALUES('22P-9151','CL1002','C+');
INSERT INTO "grades" VALUES('22P-9151','MT1003','D');
INSERT INTO "grades" VALUES('22P-9151','NS1001','B-');
INSERT INTO "grades" VALUES('22P-9151','SE1001','F');
INSERT INTO "grades" VALUES('22P-9152','CL1000','C+');
INSERT INTO "grades" VALUES('22P-9152','CS1002','F');
INSERT INTO "grades" VALUES('22P-9152','CL1002','F');
INSERT INTO "grades" VALUES('22P-9152','MT1003','F');
INSERT INTO "grades" VALUES('22P-9152','NS1001','F');
INSERT INTO "grades" VALUES('22P-9152','SE1001','F');
INSERT INTO "grades" VALUES('22P-9153','CL1000','C+');
INSERT INTO "grades" VALUES('22P-9153','CS1002','B');
INSERT INTO "grades" VALUES('22P-9153','CL1002','C-');
INSERT INTO "grades" VALUES('22P-9153','CS1004','B-');
INSERT INTO "grades" VALUES('22P-9153','CL1004','A');
INSERT INTO "grades" VALUES('22P-9153','CS1005','B-');
INSERT INTO "grades" VALUES('22P-9153','CS2001','B-');
INSERT INTO "grades" VALUES('22P-9153','CL2001','C');
INSERT INTO "grades" VALUES('22P-9153','CS2006','I');
INSERT INTO "grades" VALUES('22P-9153','CL2006','I');
INSERT INTO "grades" VALUES('22P-9153','MT1003','C+');
INSERT INTO "grades" VALUES('22P-9153','MT1004','D+');
INSERT INTO "grades" VALUES('22P-9153','MT2005','B-');
INSERT INTO "grades" VALUES('22P-9153','NS1001','B+');
INSERT INTO "grades" VALUES('22P-9153','SE1001','D+');
INSERT INTO "grades" VALUES('22P-9153','SE2001','I');
INSERT INTO "grades" VALUES('22P-9153','SE2002','B-');
INSERT INTO "grades" VALUES('22P-9153','SE3002','I');
INSERT INTO "grades" VALUES('22P-9155','CL1000','FA');
INSERT INTO "grades" VALUES('22P-9155','CS1002','FA');
INSERT INTO "grades" VALUES('22P-9155','CL1002','F');
INSERT INTO "grades" VALUES('22P-9155','MT1003','F');
INSERT INTO "grades" VALUES('22P-9155','NS1001','FA');
INSERT INTO "grades" VALUES('22P-9156','CL1000','B-');
INSERT INTO "grades" VALUES('22P-9156','CS1002','D+');
INSERT INTO "grades" VALUES('22P-9156','CL1002','D');
INSERT INTO "grades" VALUES('22P-9156','CS1004','C-');
INSERT INTO "grades" VALUES('22P-9156','CL1004','B-');
INSERT INTO "grades" VALUES('22P-9156','CS1005','B-');
INSERT INTO "grades" VALUES('22P-9156','CS2001','B-');
INSERT INTO "grades" VALUES('22P-9156','CL2001','B');
INSERT INTO "grades" VALUES('22P-9156','CS2005','A');
INSERT INTO "grades" VALUES('22P-9156','CL2005','A-');
INSERT INTO "grades" VALUES('22P-9156','CS2006','I');
INSERT INTO "grades" VALUES('22P-9156','CL2006','I');
INSERT INTO "grades" VALUES('22P-9156','MT1003','C+');
INSERT INTO "grades" VALUES('22P-9156','MT1004','F');
INSERT INTO "grades" VALUES('22P-9156','MT2005','B');
INSERT INTO "grades" VALUES('22P-9156','NS1001','A');
INSERT INTO "grades" VALUES('22P-9156','SE1001','B-');
INSERT INTO "grades" VALUES('22P-9156','SE2001','A');
INSERT INTO "grades" VALUES('22P-9156','SE2002','C');
INSERT INTO "grades" VALUES('22P-9156','SE3002','I');
INSERT INTO "grades" VALUES('22P-9156','SS2007','I');
INSERT INTO "grades" VALUES('22P-9157','CL1000','C');
INSERT INTO "grades" VALUES('22P-9157','CS1002','B+');
INSERT INTO "grades" VALUES('22P-9157','CL1002','B+');
INSERT INTO "grades" VALUES('22P-9157','CS1004','C');
INSERT INTO "grades" VALUES('22P-9157','CL1004','B-');
INSERT INTO "grades" VALUES('22P-9157','CS1005','A-');
INSERT INTO "grades" VALUES('22P-9157','CS2001','D+');
INSERT INTO "grades" VALUES('22P-9157','CL2001','D+');
INSERT INTO "grades" VALUES('22P-9157','CS2006','I');
INSERT INTO "grades" VALUES('22P-9157','CL2006','I');
INSERT INTO "grades" VALUES('22P-9157','MT1003','A');
INSERT INTO "grades" VALUES('22P-9157','MT1004','C');
INSERT INTO "grades" VALUES('22P-9157','MT2005','C-');
INSERT INTO "grades" VALUES('22P-9157','NS1001','A-');
INSERT INTO "grades" VALUES('22P-9157','SE1001','D+');
INSERT INTO "grades" VALUES('22P-9157','SE2001','I');
INSERT INTO "grades" VALUES('22P-9157','SE2002','C');
INSERT INTO "grades" VALUES('22P-9157','SE3002','I');
INSERT INTO "grades" VALUES('22P-9158','CL1000','B');
INSERT INTO "grades" VALUES('22P-9158','CS1002','C');
INSERT INTO "grades" VALUES('22P-9158','CL1002','C-');
INSERT INTO "grades" VALUES('22P-9158','CS1004','D');
INSERT INTO "grades" VALUES('22P-9158','CL1004','D');
INSERT INTO "grades" VALUES('22P-9158','CS1005','W');
INSERT INTO "grades" VALUES('22P-9158','CS2001','I');
INSERT INTO "grades" VALUES('22P-9158','CL2001','I');
INSERT INTO "grades" VALUES('22P-9158','MT1003','C');
INSERT INTO "grades" VALUES('22P-9158','MT1004','C-');
INSERT INTO "grades" VALUES('22P-9158','MT2005','I');
INSERT INTO "grades" VALUES('22P-9158','NS1001','D');
INSERT INTO "grades" VALUES('22P-9158','SE1001','D');
INSERT INTO "grades" VALUES('22P-9158','SE2001','C');
INSERT INTO "grades" VALUES('22P-9158','SE3002','I');
INSERT INTO "grades" VALUES('22P-9158','SS2007','I');
INSERT INTO "grades" VALUES('22P-9159','CL1000','B-');
INSERT INTO "grades" VALUES('22P-9159','CS1002','C');
INSERT INTO "grades" VALUES('22P-9159','CL1002','C-');
INSERT INTO "grades" VALUES('22P-9159','CS1004','I');
INSERT INTO "grades" VALUES('22P-9159','CL1004','I');
INSERT INTO "grades" VALUES('22P-9159','CS1005','I');
INSERT INTO "grades" VALUES('22P-9159','MT1003','C+');
INSERT INTO "grades" VALUES('22P-9159','MT1004','I');
INSERT INTO "grades" VALUES('22P-9159','MT2005','I');
INSERT INTO "grades" VALUES('22P-9159','NS1001','D');
INSERT INTO "grades" VALUES('22P-9159','SE1001','C-');
INSERT INTO "grades" VALUES('22P-9160','CL1000','A');
INSERT INTO "grades" VALUES('22P-9160','CS1002','A+');
INSERT INTO "grades" VALUES('22P-9160','CL1002','A+');
INSERT INTO "grades" VALUES('22P-9160','CS1004','A');
INSERT INTO "grades" VALUES('22P-9160','CL1004','A+');
INSERT INTO "grades" VALUES('22P-9160','CS1005','A+');
INSERT INTO "grades" VALUES('22P-9160','CS2001','A+');
INSERT INTO "grades" VALUES('22P-9160','CL2001','A+');
INSERT INTO "grades" VALUES('22P-9160','CS2005','A');
INSERT INTO "grades" VALUES('22P-9160','CL2005','A-');
INSERT INTO "grades" VALUES('22P-9160','CS2006','I');
INSERT INTO "grades" VALUES('22P-9160','CL2006','I');
INSERT INTO "grades" VALUES('22P-9160','MT1003','A');
INSERT INTO "grades" VALUES('22P-9160','MT1004','D+');
INSERT INTO "grades" VALUES('22P-9160','MT2005','A+');
INSERT INTO "grades" VALUES('22P-9160','NS1001','A+');
INSERT INTO "grades" VALUES('22P-9160','SE1001','B-');
INSERT INTO "grades" VALUES('22P-9160','SE2001','A+');
INSERT INTO "grades" VALUES('22P-9160','SE2002','B+');
INSERT INTO "grades" VALUES('22P-9160','SE3002','I');
INSERT INTO "grades" VALUES('22P-9160','SS2007','I');
INSERT INTO "grades" VALUES('22P-9161','CL1000','C');
INSERT INTO "grades" VALUES('22P-9161','CS1002','F');
INSERT INTO "grades" VALUES('22P-9161','CL1002','F');
INSERT INTO "grades" VALUES('22P-9161','MT1003','F');
INSERT INTO "grades" VALUES('22P-9161','NS1001','D+');
INSERT INTO "grades" VALUES('22P-9162','CL1000','A+');
INSERT INTO "grades" VALUES('22P-9162','CS1002','B');
INSERT INTO "grades" VALUES('22P-9162','CL1002','C+');
INSERT INTO "grades" VALUES('22P-9162','CS1004','C+');
INSERT INTO "grades" VALUES('22P-9162','CL1004','D+');
INSERT INTO "grades" VALUES('22P-9162','CS1005','F');
INSERT INTO "grades" VALUES('22P-9162','CS2001','C+');
INSERT INTO "grades" VALUES('22P-9162','CL2001','C-');
INSERT INTO "grades" VALUES('22P-9162','CS2006','I');
INSERT INTO "grades" VALUES('22P-9162','CL2006','I');
INSERT INTO "grades" VALUES('22P-9162','MT1003','B-');
INSERT INTO "grades" VALUES('22P-9162','MT1004','B+');
INSERT INTO "grades" VALUES('22P-9162','MT2005','B');
INSERT INTO "grades" VALUES('22P-9162','NS1001','C+');
INSERT INTO "grades" VALUES('22P-9162','SE1001','B');
INSERT INTO "grades" VALUES('22P-9162','SE2001','B');
INSERT INTO "grades" VALUES('22P-9162','SE2002','C+');
INSERT INTO "grades" VALUES('22P-9162','SE3002','I');
INSERT INTO "grades" VALUES('22P-9162','SS2007','I');
INSERT INTO "grades" VALUES('22P-9163','CL1000','C-');
INSERT INTO "grades" VALUES('22P-9163','CS1002','C-');
INSERT INTO "grades" VALUES('22P-9163','CL1002','B-');
INSERT INTO "grades" VALUES('22P-9163','CS1004','I');
INSERT INTO "grades" VALUES('22P-9163','CL1004','I');
INSERT INTO "grades" VALUES('22P-9163','MT1003','D');
INSERT INTO "grades" VALUES('22P-9163','NS1001','B-');
INSERT INTO "grades" VALUES('22P-9163','SE1001','D+');
INSERT INTO "grades" VALUES('22P-9164','CL1000','A+');
INSERT INTO "grades" VALUES('22P-9164','CS1002','A');
INSERT INTO "grades" VALUES('22P-9164','CL1002','A-');
INSERT INTO "grades" VALUES('22P-9164','CS1004','A+');
INSERT INTO "grades" VALUES('22P-9164','CL1004','A+');
INSERT INTO "grades" VALUES('22P-9164','CS1005','A+');
INSERT INTO "grades" VALUES('22P-9164','CS2001','A+');
INSERT INTO "grades" VALUES('22P-9164','CL2001','A-');
INSERT INTO "grades" VALUES('22P-9164','CS2005','A');
INSERT INTO "grades" VALUES('22P-9164','CL2005','A');
INSERT INTO "grades" VALUES('22P-9164','CS2006','I');
INSERT INTO "grades" VALUES('22P-9164','CL2006','I');
INSERT INTO "grades" VALUES('22P-9164','MT1003','A');
INSERT INTO "grades" VALUES('22P-9164','MT1004','B+');
INSERT INTO "grades" VALUES('22P-9164','MT2005','A+');
INSERT INTO "grades" VALUES('22P-9164','NS1001','A');
INSERT INTO "grades" VALUES('22P-9164','SE1001','A+');
INSERT INTO "grades" VALUES('22P-9164','SE2001','A');
INSERT INTO "grades" VALUES('22P-9164','SE2002','A');
INSERT INTO "grades" VALUES('22P-9164','SE3002','I');
INSERT INTO "grades" VALUES('22P-9164','SS2007','I');
INSERT INTO "grades" VALUES('22P-9298','CL1000','FA');
INSERT INTO "grades" VALUES('22P-9298','CS1002','FA');
INSERT INTO "grades" VALUES('22P-9298','CL1002','FA');
INSERT INTO "grades" VALUES('22P-9298','MT1003','FA');
INSERT INTO "grades" VALUES('22P-9298','NS1001','FA');
INSERT INTO "grades" VALUES('22P-9299','CL1000','B+');
INSERT INTO "grades" VALUES('22P-9299','CS1002','A-');
INSERT INTO "grades" VALUES('22P-9299','CL1002','A');
INSERT INTO "grades" VALUES('22P-9299','CS1004','A-');
INSERT INTO "grades" VALUES('22P-9299','CL1004','A+');
INSERT INTO "grades" VALUES('22P-9299','CS1005','A+');
INSERT INTO "grades" VALUES('22P-9299','CS2001','A');
INSERT INTO "grades" VALUES('22P-9299','CL2001','A');
INSERT INTO "grades" VALUES('22P-9299','CS2005','A-');
INSERT INTO "grades" VALUES('22P-9299','CL2005','B');
INSERT INTO "grades" VALUES('22P-9299','CS2006','I');
INSERT INTO "grades" VALUES('22P-9299','CL2006','I');
INSERT INTO "grades" VALUES('22P-9299','MT1003','A+');
INSERT INTO "grades" VALUES('22P-9299','MT1004','B+');
INSERT INTO "grades" VALUES('22P-9299','MT2005','B');
INSERT INTO "grades" VALUES('22P-9299','NS1001','B+');
INSERT INTO "grades" VALUES('22P-9299','SE1001','A');
INSERT INTO "grades" VALUES('22P-9299','SE2001','A+');
INSERT INTO "grades" VALUES('22P-9299','SE2002','B');
INSERT INTO "grades" VALUES('22P-9299','SE3002','I');
INSERT INTO "grades" VALUES('22P-9299','SS2007','I');
INSERT INTO "grades" VALUES('22P-9300','CL1000','B-');
INSERT INTO "grades" VALUES('22P-9300','CS1002','A-');
INSERT INTO "grades" VALUES('22P-9300','CL1002','B-');
INSERT INTO "grades" VALUES('22P-9300','CS1004','C+');
INSERT INTO "grades" VALUES('22P-9300','CL1004','C');
INSERT INTO "grades" VALUES('22P-9300','CS2001','I');
INSERT INTO "grades" VALUES('22P-9300','CL2001','I');
INSERT INTO "grades" VALUES('22P-9300','MT1003','B-');
INSERT INTO "grades" VALUES('22P-9300','MT1004','I');
INSERT INTO "grades" VALUES('22P-9300','NS1001','D+');
INSERT INTO "grades" VALUES('22P-9300','SE1001','D');
INSERT INTO "grades" VALUES('22P-9300','SE2001','I');
INSERT INTO "grades" VALUES('22P-9300','SE2002','W');
INSERT INTO "grades" VALUES('22P-9300','SE3002','I');
INSERT INTO "grades" VALUES('22P-9301','CL1000','B-');
INSERT INTO "grades" VALUES('22P-9301','CS1002','A+');
INSERT INTO "grades" VALUES('22P-9301','CL1002','B-');
INSERT INTO "grades" VALUES('22P-9301','CS1004','A');
INSERT INTO "grades" VALUES('22P-9301','CL1004','A');
INSERT INTO "grades" VALUES('22P-9301','CS1005','A+');
INSERT INTO "grades" VALUES('22P-9301','CS2001','A');
INSERT INTO "grades" VALUES('22P-9301','CL2001','A-');
INSERT INTO "grades" VALUES('22P-9301','CS2006','I');
INSERT INTO "grades" VALUES('22P-9301','CL2006','I');
INSERT INTO "grades" VALUES('22P-9301','MT1003','A-');
INSERT INTO "grades" VALUES('22P-9301','MT1004','A');
INSERT INTO "grades" VALUES('22P-9301','MT2005','A');
INSERT INTO "grades" VALUES('22P-9301','NS1001','B');
INSERT INTO "grades" VALUES('22P-9301','SE1001','C+');
INSERT INTO "grades" VALUES('22P-9301','SE2001','B+');
INSERT INTO "grades" VALUES('22P-9301','SE2002','B+');
INSERT INTO "grades" VALUES('22P-9301','SE3002','I');
INSERT INTO "grades" VALUES('22P-9301','SS2007','I');
INSERT INTO "grades" VALUES('22P-9303','CL1000','B-');
INSERT INTO "grades" VALUES('22P-9303','CS1002','C+');
INSERT INTO "grades" VALUES('22P-9303','CL1002','B');
INSERT INTO "grades" VALUES('22P-9303','CS1004','D+');
INSERT INTO "grades" VALUES('22P-9303','CL1004','D');
INSERT INTO "grades" VALUES('22P-9303','CS2001','F');
INSERT INTO "grades" VALUES('22P-9303','CL2001','B');
INSERT INTO "grades" VALUES('22P-9303','MT1003','F');
INSERT INTO "grades" VALUES('22P-9303','MT1004','W');
INSERT INTO "grades" VALUES('22P-9303','MT2005','F');
INSERT INTO "grades" VALUES('22P-9303','NS1001','D+');
INSERT INTO "grades" VALUES('22P-9303','SE1001','D+');
INSERT INTO "grades" VALUES('22P-9303','SE2001','C');
INSERT INTO "grades" VALUES('22P-9303','SE2002','C');
INSERT INTO "grades" VALUES('22P-9306','CL1000','B-');
INSERT INTO "grades" VALUES('22P-9306','CS1002','FA');
INSERT INTO "grades" VALUES('22P-9306','CL1002','FA');
INSERT INTO "grades" VALUES('22P-9306','MT1003','FA');
INSERT INTO "grades" VALUES('22P-9306','NS1001','D+');
INSERT INTO "grades" VALUES('22P-9306','SE1001','FA');
INSERT INTO "grades" VALUES('22P-9307','CL1000','B+');
INSERT INTO "grades" VALUES('22P-9307','CS1002','A');
INSERT INTO "grades" VALUES('22P-9307','CL1002','C+');
INSERT INTO "grades" VALUES('22P-9307','CS1004','A');
INSERT INTO "grades" VALUES('22P-9307','CL1004','A+');
INSERT INTO "grades" VALUES('22P-9307','CS1005','A+');
INSERT INTO "grades" VALUES('22P-9307','CS2001','A+');
INSERT INTO "grades" VALUES('22P-9307','CL2001','B+');
INSERT INTO "grades" VALUES('22P-9307','CS2006','I');
INSERT INTO "grades" VALUES('22P-9307','CL2006','I');
INSERT INTO "grades" VALUES('22P-9307','MT1003','C-');
INSERT INTO "grades" VALUES('22P-9307','MT1004','C+');
INSERT INTO "grades" VALUES('22P-9307','MT2005','A');
INSERT INTO "grades" VALUES('22P-9307','NS1001','C');
INSERT INTO "grades" VALUES('22P-9307','SE1001','C+');
INSERT INTO "grades" VALUES('22P-9307','SE2001','A');
INSERT INTO "grades" VALUES('22P-9307','SE2002','B+');
INSERT INTO "grades" VALUES('22P-9307','SE3002','I');
INSERT INTO "grades" VALUES('22P-9307','SS2007','I');
INSERT INTO "grades" VALUES('22P-9308','CL1000','F');
INSERT INTO "grades" VALUES('22P-9308','CS1002','C');
INSERT INTO "grades" VALUES('22P-9308','CL1002','C-');
INSERT INTO "grades" VALUES('22P-9308','MT1003','FA');
INSERT INTO "grades" VALUES('22P-9308','NS1001','D+');
INSERT INTO "grades" VALUES('22P-9308','SE1001','W');
INSERT INTO "grades" VALUES('22P-9309','CL1000','C+');
INSERT INTO "grades" VALUES('22P-9309','CS1002','C-');
INSERT INTO "grades" VALUES('22P-9309','CL1002','B-');
INSERT INTO "grades" VALUES('22P-9309','CS1004','D+');
INSERT INTO "grades" VALUES('22P-9309','CL1004','B');
INSERT INTO "grades" VALUES('22P-9309','CS1005','C-');
INSERT INTO "grades" VALUES('22P-9309','CS2001','I');
INSERT INTO "grades" VALUES('22P-9309','CL2001','I');
INSERT INTO "grades" VALUES('22P-9309','MT1003','C');
INSERT INTO "grades" VALUES('22P-9309','MT2005','D+');
INSERT INTO "grades" VALUES('22P-9309','NS1001','D');
INSERT INTO "grades" VALUES('22P-9309','SE1001','B-');
INSERT INTO "grades" VALUES('22P-9309','SE2001','I');
INSERT INTO "grades" VALUES('22P-9309','SE2002','D');
INSERT INTO "grades" VALUES('22P-9309','SS2007','I');
INSERT INTO "grades" VALUES('22P-9310','CL1000','C+');
INSERT INTO "grades" VALUES('22P-9310','CS1002','D');
INSERT INTO "grades" VALUES('22P-9310','CL1002','A+');
INSERT INTO "grades" VALUES('22P-9310','CS1004','D+');
INSERT INTO "grades" VALUES('22P-9310','CL1004','D+');
INSERT INTO "grades" VALUES('22P-9310','CS1005','I');
INSERT INTO "grades" VALUES('22P-9310','CS2001','I');
INSERT INTO "grades" VALUES('22P-9310','CL2001','I');
INSERT INTO "grades" VALUES('22P-9310','MT1003','C');
INSERT INTO "grades" VALUES('22P-9310','MT1004','B+');
INSERT INTO "grades" VALUES('22P-9310','MT2005','C');
INSERT INTO "grades" VALUES('22P-9310','NS1001','C');
INSERT INTO "grades" VALUES('22P-9310','SE1001','D');
INSERT INTO "grades" VALUES('22P-9310','SE2001','C-');
INSERT INTO "grades" VALUES('22P-9310','SE3002','I');
INSERT INTO "grades" VALUES('22P-9310','SS2007','I');
INSERT INTO "grades" VALUES('22P-9311','CL1000','C');
INSERT INTO "grades" VALUES('22P-9311','CS1002','D+');
INSERT INTO "grades" VALUES('22P-9311','CL1002','D+');
INSERT INTO "grades" VALUES('22P-9311','CS1004','D+');
INSERT INTO "grades" VALUES('22P-9311','CL1004','C');
INSERT INTO "grades" VALUES('22P-9311','CS1005','C-');
INSERT INTO "grades" VALUES('22P-9311','CS2001','D');
INSERT INTO "grades" VALUES('22P-9311','CL2001','C-');
INSERT INTO "grades" VALUES('22P-9311','CS2006','I');
INSERT INTO "grades" VALUES('22P-9311','CL2006','I');
INSERT INTO "grades" VALUES('22P-9311','MT1003','C+');
INSERT INTO "grades" VALUES('22P-9311','MT1004','B');
INSERT INTO "grades" VALUES('22P-9311','NS1001','B');
INSERT INTO "grades" VALUES('22P-9311','SE1001','D');
INSERT INTO "grades" VALUES('22P-9311','SE2001','B');
INSERT INTO "grades" VALUES('22P-9311','SE3002','I');
INSERT INTO "grades" VALUES('22P-9311','SS2007','I');
INSERT INTO "grades" VALUES('22P-9311','SS1013','I');
INSERT INTO "grades" VALUES('22P-9312','CL1000','A-');
INSERT INTO "grades" VALUES('22P-9312','CS1002','C');
INSERT INTO "grades" VALUES('22P-9312','CL1002','D');
INSERT INTO "grades" VALUES('22P-9312','CS1004','C');
INSERT INTO "grades" VALUES('22P-9312','CL1004','D');
INSERT INTO "grades" VALUES('22P-9312','CS1005','D');
INSERT INTO "grades" VALUES('22P-9312','CS2001','B-');
INSERT INTO "grades" VALUES('22P-9312','CL2001','D+');
INSERT INTO "grades" VALUES('22P-9312','CS2006','I');
INSERT INTO "grades" VALUES('22P-9312','CL2006','I');
INSERT INTO "grades" VALUES('22P-9312','MT1003','C');
INSERT INTO "grades" VALUES('22P-9312','MT1004','W');
INSERT INTO "grades" VALUES('22P-9312','MT2005','W');
INSERT INTO "grades" VALUES('22P-9312','NS1001','C+');
INSERT INTO "grades" VALUES('22P-9312','SE1001','B-');
INSERT INTO "grades" VALUES('22P-9312','SE2002','D');
INSERT INTO "grades" VALUES('22P-9312','SE3002','I');
INSERT INTO "grades" VALUES('22P-9312','SS2007','I');
INSERT INTO "grades" VALUES('22P-9314','CL1000','FA');
INSERT INTO "grades" VALUES('22P-9314','CS1002','FA');
INSERT INTO "grades" VALUES('22P-9314','CL1002','FA');
INSERT INTO "grades" VALUES('22P-9314','MT1003','FA');
INSERT INTO "grades" VALUES('22P-9314','NS1001','FA');
INSERT INTO "grades" VALUES('22P-9314','SE1001','FA');
INSERT INTO "grades" VALUES('22P-9316','CL1000','A-');
INSERT INTO "grades" VALUES('22P-9316','CS1002','D+');
INSERT INTO "grades" VALUES('22P-9316','CL1002','B-');
INSERT INTO "grades" VALUES('22P-9316','CS1004','D');
INSERT INTO "grades" VALUES('22P-9316','CL1004','A+');
INSERT INTO "grades" VALUES('22P-9316','CS2001','D');
INSERT INTO "grades" VALUES('22P-9316','CL2001','C+');
INSERT INTO "grades" VALUES('22P-9316','CS2005','B-');
INSERT INTO "grades" VALUES('22P-9316','CL2005','B+');
INSERT INTO "grades" VALUES('22P-9316','CS2006','I');
INSERT INTO "grades" VALUES('22P-9316','CL2006','I');
INSERT INTO "grades" VALUES('22P-9316','MT1003','C');
INSERT INTO "grades" VALUES('22P-9316','MT1004','C+');
INSERT INTO "grades" VALUES('22P-9316','MT2005','B');
INSERT INTO "grades" VALUES('22P-9316','NS1001','C+');
INSERT INTO "grades" VALUES('22P-9316','SE1001','B-');
INSERT INTO "grades" VALUES('22P-9316','SE2001','C+');
INSERT INTO "grades" VALUES('22P-9316','SE2002','B-');
INSERT INTO "grades" VALUES('22P-9316','SE3002','I');
INSERT INTO "grades" VALUES('22P-9316','SS2007','I');
INSERT INTO "grades" VALUES('22P-9317','CL1000','FA');
INSERT INTO "grades" VALUES('22P-9317','CS1002','FA');
INSERT INTO "grades" VALUES('22P-9317','CL1002','FA');
INSERT INTO "grades" VALUES('22P-9317','MT1003','FA');
INSERT INTO "grades" VALUES('22P-9317','NS1001','FA');
INSERT INTO "grades" VALUES('22P-9318','CL1000','B');
INSERT INTO "grades" VALUES('22P-9318','CS1002','D+');
INSERT INTO "grades" VALUES('22P-9318','CL1002','C');
INSERT INTO "grades" VALUES('22P-9318','CS1004','B-');
INSERT INTO "grades" VALUES('22P-9318','CL1004','B');
INSERT INTO "grades" VALUES('22P-9318','CS1005','F');
INSERT INTO "grades" VALUES('22P-9318','CS2001','C');
INSERT INTO "grades" VALUES('22P-9318','CL2001','B+');
INSERT INTO "grades" VALUES('22P-9318','CS2006','I');
INSERT INTO "grades" VALUES('22P-9318','CL2006','I');
INSERT INTO "grades" VALUES('22P-9318','MT1003','C');
INSERT INTO "grades" VALUES('22P-9318','MT1004','C-');
INSERT INTO "grades" VALUES('22P-9318','MT2005','C+');
INSERT INTO "grades" VALUES('22P-9318','NS1001','C');
INSERT INTO "grades" VALUES('22P-9318','SE1001','C');
INSERT INTO "grades" VALUES('22P-9318','SE2001','B-');
INSERT INTO "grades" VALUES('22P-9318','SE2002','B-');
INSERT INTO "grades" VALUES('22P-9318','SE3002','I');
INSERT INTO "grades" VALUES('22P-9318','SS2007','I');
INSERT INTO "grades" VALUES('22P-9319','CL1000','C-');
INSERT INTO "grades" VALUES('22P-9319','CS1002','F');
INSERT INTO "grades" VALUES('22P-9319','CL1002','F');
INSERT INTO "grades" VALUES('22P-9319','MT1003','D+');
INSERT INTO "grades" VALUES('22P-9319','NS1001','D+');
INSERT INTO "grades" VALUES('22P-9319','SE1001','F');
INSERT INTO "grades" VALUES('22P-9320','CL1000','B');
INSERT INTO "grades" VALUES('22P-9320','CS1002','B-');
INSERT INTO "grades" VALUES('22P-9320','CL1002','A');
INSERT INTO "grades" VALUES('22P-9320','CS1005','C');
INSERT INTO "grades" VALUES('22P-9320','MT1003','C-');
INSERT INTO "grades" VALUES('22P-9320','NS1001','F');
INSERT INTO "grades" VALUES('22P-9320','SE1001','F');
INSERT INTO "grades" VALUES('22P-9321','CL1000','A+');
INSERT INTO "grades" VALUES('22P-9321','CS1002','B');
INSERT INTO "grades" VALUES('22P-9321','CL1002','A-');
INSERT INTO "grades" VALUES('22P-9321','CS1004','C');
INSERT INTO "grades" VALUES('22P-9321','CL1004','A');
INSERT INTO "grades" VALUES('22P-9321','CS1005','B-');
INSERT INTO "grades" VALUES('22P-9321','CS2001','A-');
INSERT INTO "grades" VALUES('22P-9321','CL2001','A');
INSERT INTO "grades" VALUES('22P-9321','CS2005','B');
INSERT INTO "grades" VALUES('22P-9321','CL2005','B+');
INSERT INTO "grades" VALUES('22P-9321','CS2006','I');
INSERT INTO "grades" VALUES('22P-9321','CL2006','I');
INSERT INTO "grades" VALUES('22P-9321','MT1003','B+');
INSERT INTO "grades" VALUES('22P-9321','MT1004','C');
INSERT INTO "grades" VALUES('22P-9321','MT2005','A+');
INSERT INTO "grades" VALUES('22P-9321','NS1001','B');
INSERT INTO "grades" VALUES('22P-9321','SE1001','C');
INSERT INTO "grades" VALUES('22P-9321','SE2001','A-');
INSERT INTO "grades" VALUES('22P-9321','SE2002','B');
INSERT INTO "grades" VALUES('22P-9321','SE3002','I');
INSERT INTO "grades" VALUES('22P-9321','SS2007','I');
INSERT INTO "grades" VALUES('22P-9322','CL1000','C+');
INSERT INTO "grades" VALUES('22P-9322','CS1002','C');
INSERT INTO "grades" VALUES('22P-9322','CL1002','C-');
INSERT INTO "grades" VALUES('22P-9322','CS1004','B');
INSERT INTO "grades" VALUES('22P-9322','CL1004','A+');
INSERT INTO "grades" VALUES('22P-9322','CS1005','A+');
INSERT INTO "grades" VALUES('22P-9322','CS2001','A-');
INSERT INTO "grades" VALUES('22P-9322','CL2001','B');
INSERT INTO "grades" VALUES('22P-9322','CS2005','C+');
INSERT INTO "grades" VALUES('22P-9322','CL2005','F');
INSERT INTO "grades" VALUES('22P-9322','CS2006','I');
INSERT INTO "grades" VALUES('22P-9322','CL2006','I');
INSERT INTO "grades" VALUES('22P-9322','MT1003','A+');
INSERT INTO "grades" VALUES('22P-9322','MT1004','C');
INSERT INTO "grades" VALUES('22P-9322','MT2005','B');
INSERT INTO "grades" VALUES('22P-9322','NS1001','A-');
INSERT INTO "grades" VALUES('22P-9322','SE1001','A-');
INSERT INTO "grades" VALUES('22P-9322','SE2001','A-');
INSERT INTO "grades" VALUES('22P-9322','SE2002','B');
INSERT INTO "grades" VALUES('22P-9322','SE3002','I');
INSERT INTO "grades" VALUES('22P-9322','SS2007','I');
INSERT INTO "grades" VALUES('22P-9323','CL1000','C+');
INSERT INTO "grades" VALUES('22P-9323','CS1002','B+');
INSERT INTO "grades" VALUES('22P-9323','CL1002','B-');
INSERT INTO "grades" VALUES('22P-9323','CS1004','D+');
INSERT INTO "grades" VALUES('22P-9323','CL1004','C');
INSERT INTO "grades" VALUES('22P-9323','CS1005','C-');
INSERT INTO "grades" VALUES('22P-9323','CS2001','C');
INSERT INTO "grades" VALUES('22P-9323','CL2001','D');
INSERT INTO "grades" VALUES('22P-9323','CS2006','I');
INSERT INTO "grades" VALUES('22P-9323','CL2006','I');
INSERT INTO "grades" VALUES('22P-9323','MT1003','B+');
INSERT INTO "grades" VALUES('22P-9323','MT1004','D+');
INSERT INTO "grades" VALUES('22P-9323','MT2005','C+');
INSERT INTO "grades" VALUES('22P-9323','NS1001','A-');
INSERT INTO "grades" VALUES('22P-9323','SE1001','C');
INSERT INTO "grades" VALUES('22P-9323','SE2001','C-');
INSERT INTO "grades" VALUES('22P-9323','SE2002','C');
INSERT INTO "grades" VALUES('22P-9323','SE3002','I');
INSERT INTO "grades" VALUES('22P-9323','SS2007','I');
INSERT INTO "grades" VALUES('22P-9324','CL1000','FA');
INSERT INTO "grades" VALUES('22P-9324','CS1002','D+');
INSERT INTO "grades" VALUES('22P-9324','CL1002','B-');
INSERT INTO "grades" VALUES('22P-9324','CS1004','C-');
INSERT INTO "grades" VALUES('22P-9324','CL1004','D');
INSERT INTO "grades" VALUES('22P-9324','CS1005','C');
INSERT INTO "grades" VALUES('22P-9324','CS2001','D');
INSERT INTO "grades" VALUES('22P-9324','CL2001','D+');
INSERT INTO "grades" VALUES('22P-9324','CS2006','I');
INSERT INTO "grades" VALUES('22P-9324','CL2006','I');
INSERT INTO "grades" VALUES('22P-9324','MT1003','C');
INSERT INTO "grades" VALUES('22P-9324','MT1004','C-');
INSERT INTO "grades" VALUES('22P-9324','MT2005','B');
INSERT INTO "grades" VALUES('22P-9324','NS1001','D');
INSERT INTO "grades" VALUES('22P-9324','SE1001','C');
INSERT INTO "grades" VALUES('22P-9324','SE2001','C+');
INSERT INTO "grades" VALUES('22P-9324','SE2002','B-');
INSERT INTO "grades" VALUES('22P-9324','SE3002','I');
INSERT INTO "grades" VALUES('22P-9324','SS2007','I');
INSERT INTO "grades" VALUES('22P-9324','SS1013','I');
INSERT INTO "grades" VALUES('22P-9325','CL1000','C-');
INSERT INTO "grades" VALUES('22P-9325','CS1002','D');
INSERT INTO "grades" VALUES('22P-9325','CL1002','D');
INSERT INTO "grades" VALUES('22P-9325','MT1003','F');
INSERT INTO "grades" VALUES('22P-9325','NS1001','D+');
INSERT INTO "grades" VALUES('22P-9325','SE1001','F');
INSERT INTO "grades" VALUES('22P-9326','CL1000','B-');
INSERT INTO "grades" VALUES('22P-9326','CS1002','A-');
INSERT INTO "grades" VALUES('22P-9326','CL1002','B');
INSERT INTO "grades" VALUES('22P-9326','CS1004','B');
INSERT INTO "grades" VALUES('22P-9326','CL1004','A+');
INSERT INTO "grades" VALUES('22P-9326','CS1005','A');
INSERT INTO "grades" VALUES('22P-9326','CS2001','B+');
INSERT INTO "grades" VALUES('22P-9326','CL2001','B');
INSERT INTO "grades" VALUES('22P-9326','CS2006','I');
INSERT INTO "grades" VALUES('22P-9326','CL2006','I');
INSERT INTO "grades" VALUES('22P-9326','MT1003','B');
INSERT INTO "grades" VALUES('22P-9326','MT1004','B');
INSERT INTO "grades" VALUES('22P-9326','MT2005','A');
INSERT INTO "grades" VALUES('22P-9326','NS1001','B');
INSERT INTO "grades" VALUES('22P-9326','SE1001','B');
INSERT INTO "grades" VALUES('22P-9326','SE2001','A-');
INSERT INTO "grades" VALUES('22P-9326','SE2002','B');
INSERT INTO "grades" VALUES('22P-9326','SE3002','I');
INSERT INTO "grades" VALUES('22P-9326','SS2007','I');
INSERT INTO "grades" VALUES('22P-9327','CL1000','C');
INSERT INTO "grades" VALUES('22P-9327','CS1002','C-');
INSERT INTO "grades" VALUES('22P-9327','CL1002','B');
INSERT INTO "grades" VALUES('22P-9327','CS1004','C');
INSERT INTO "grades" VALUES('22P-9327','CL1004','C-');
INSERT INTO "grades" VALUES('22P-9327','CS1005','D+');
INSERT INTO "grades" VALUES('22P-9327','CS2001','C-');
INSERT INTO "grades" VALUES('22P-9327','CL2001','D+');
INSERT INTO "grades" VALUES('22P-9327','MT1003','C');
INSERT INTO "grades" VALUES('22P-9327','MT1004','F');
INSERT INTO "grades" VALUES('22P-9327','NS1001','D+');
INSERT INTO "grades" VALUES('22P-9327','SE1001','D');
INSERT INTO "grades" VALUES('22P-9327','SE2001','C');
INSERT INTO "grades" VALUES('22P-9327','SE2002','C');
INSERT INTO "grades" VALUES('22P-9328','CL1000','A+');
INSERT INTO "grades" VALUES('22P-9328','CS1002','A+');
INSERT INTO "grades" VALUES('22P-9328','CL1002','A');
INSERT INTO "grades" VALUES('22P-9328','CS1004','A-');
INSERT INTO "grades" VALUES('22P-9328','CL1004','A+');
INSERT INTO "grades" VALUES('22P-9328','CS1005','A+');
INSERT INTO "grades" VALUES('22P-9328','CS2001','A+');
INSERT INTO "grades" VALUES('22P-9328','CL2001','A-');
INSERT INTO "grades" VALUES('22P-9328','CS2005','A+');
INSERT INTO "grades" VALUES('22P-9328','CL2005','A+');
INSERT INTO "grades" VALUES('22P-9328','CS2006','I');
INSERT INTO "grades" VALUES('22P-9328','CL2006','I');
INSERT INTO "grades" VALUES('22P-9328','MT1003','A+');
INSERT INTO "grades" VALUES('22P-9328','MT1004','A+');
INSERT INTO "grades" VALUES('22P-9328','MT2005','A');
INSERT INTO "grades" VALUES('22P-9328','NS1001','A+');
INSERT INTO "grades" VALUES('22P-9328','SE1001','A+');
INSERT INTO "grades" VALUES('22P-9328','SE2001','A+');
INSERT INTO "grades" VALUES('22P-9328','SE2002','A-');
INSERT INTO "grades" VALUES('22P-9328','SE3002','I');
INSERT INTO "grades" VALUES('22P-9328','SS2007','I');
INSERT INTO "grades" VALUES('22P-9332','CL1000','FA');
INSERT INTO "grades" VALUES('22P-9332','CS1002','FA');
INSERT INTO "grades" VALUES('22P-9332','CL1002','FA');
INSERT INTO "grades" VALUES('22P-9332','MT1003','FA');
INSERT INTO "grades" VALUES('22P-9332','NS1001','FA');
INSERT INTO "grades" VALUES('22P-9334','CL1000','C-');
INSERT INTO "grades" VALUES('22P-9334','CS1002','B');
INSERT INTO "grades" VALUES('22P-9334','CL1002','B');
INSERT INTO "grades" VALUES('22P-9334','CS1004','D');
INSERT INTO "grades" VALUES('22P-9334','CL1004','C');
INSERT INTO "grades" VALUES('22P-9334','CS1005','F');
INSERT INTO "grades" VALUES('22P-9334','CS2001','I');
INSERT INTO "grades" VALUES('22P-9334','CL2001','I');
INSERT INTO "grades" VALUES('22P-9334','MT1003','C');
INSERT INTO "grades" VALUES('22P-9334','MT2005','C');
INSERT INTO "grades" VALUES('22P-9334','NS1001','B-');
INSERT INTO "grades" VALUES('22P-9334','SE1001','C-');
INSERT INTO "grades" VALUES('22P-9334','SE3002','I');
INSERT INTO "grades" VALUES('22P-9334','SS2007','I');
INSERT INTO "grades" VALUES('22P-9335','CL1000','C');
INSERT INTO "grades" VALUES('22P-9335','CS1002','C+');
INSERT INTO "grades" VALUES('22P-9335','CL1002','C');
INSERT INTO "grades" VALUES('22P-9335','MT1003','C+');
INSERT INTO "grades" VALUES('22P-9335','NS1001','C-');
INSERT INTO "grades" VALUES('22P-9335','SE1001','C-');
INSERT INTO "grades" VALUES('22P-9336','CL1000','C+');
INSERT INTO "grades" VALUES('22P-9336','CS1002','C');
INSERT INTO "grades" VALUES('22P-9336','CL1002','B');
INSERT INTO "grades" VALUES('22P-9336','CS1004','C+');
INSERT INTO "grades" VALUES('22P-9336','CL1004','C+');
INSERT INTO "grades" VALUES('22P-9336','CS1005','C');
INSERT INTO "grades" VALUES('22P-9336','CS2001','C-');
INSERT INTO "grades" VALUES('22P-9336','CL2001','C-');
INSERT INTO "grades" VALUES('22P-9336','CS2006','I');
INSERT INTO "grades" VALUES('22P-9336','CL2006','I');
INSERT INTO "grades" VALUES('22P-9336','MT1003','C+');
INSERT INTO "grades" VALUES('22P-9336','MT1004','C');
INSERT INTO "grades" VALUES('22P-9336','MT2005','B+');
INSERT INTO "grades" VALUES('22P-9336','NS1001','C');
INSERT INTO "grades" VALUES('22P-9336','SE1001','D+');
INSERT INTO "grades" VALUES('22P-9336','SE2001','C+');
INSERT INTO "grades" VALUES('22P-9336','SE2002','C+');
INSERT INTO "grades" VALUES('22P-9336','SE3002','I');
INSERT INTO "grades" VALUES('22P-9336','SS2007','I');
INSERT INTO "grades" VALUES('22P-9337','CL1000','D+');
INSERT INTO "grades" VALUES('22P-9337','CS1002','B-');
INSERT INTO "grades" VALUES('22P-9337','CL1002','C+');
INSERT INTO "grades" VALUES('22P-9337','MT1003','F');
INSERT INTO "grades" VALUES('22P-9337','NS1001','A-');
INSERT INTO "grades" VALUES('22P-9337','SE1001','F');
INSERT INTO "grades" VALUES('22P-9339','CL1000','C-');
INSERT INTO "grades" VALUES('22P-9339','CS1002','D');
INSERT INTO "grades" VALUES('22P-9339','CL1002','F');
INSERT INTO "grades" VALUES('22P-9339','CS1005','B-');
INSERT INTO "grades" VALUES('22P-9339','MT1003','C');
INSERT INTO "grades" VALUES('22P-9339','NS1001','D+');
INSERT INTO "grades" VALUES('22P-9339','SE1001','F');
INSERT INTO "grades" VALUES('22P-9340','CL1000','C');
INSERT INTO "grades" VALUES('22P-9340','CS1002','D');
INSERT INTO "grades" VALUES('22P-9340','CL1002','C-');
INSERT INTO "grades" VALUES('22P-9340','CS1004','D+');
INSERT INTO "grades" VALUES('22P-9340','CL1004','C-');
INSERT INTO "grades" VALUES('22P-9340','CS1005','C-');
INSERT INTO "grades" VALUES('22P-9340','CS2001','I');
INSERT INTO "grades" VALUES('22P-9340','CL2001','I');
INSERT INTO "grades" VALUES('22P-9340','MT1003','C');
INSERT INTO "grades" VALUES('22P-9340','MT1004','A');
INSERT INTO "grades" VALUES('22P-9340','NS1001','B');
INSERT INTO "grades" VALUES('22P-9340','SE1001','D');
INSERT INTO "grades" VALUES('22P-9340','SE2001','I');
INSERT INTO "grades" VALUES('22P-9340','SE3002','I');
INSERT INTO "grades" VALUES('22P-9340','SS2007','I');
INSERT INTO "grades" VALUES('22P-9341','CL1000','B');
INSERT INTO "grades" VALUES('22P-9341','CS1002','A+');
INSERT INTO "grades" VALUES('22P-9341','CL1002','A');
INSERT INTO "grades" VALUES('22P-9341','CS1004','C+');
INSERT INTO "grades" VALUES('22P-9341','CL1004','B+');
INSERT INTO "grades" VALUES('22P-9341','CS1005','B');
INSERT INTO "grades" VALUES('22P-9341','CS2001','B-');
INSERT INTO "grades" VALUES('22P-9341','CL2001','C');
INSERT INTO "grades" VALUES('22P-9341','CS2006','I');
INSERT INTO "grades" VALUES('22P-9341','CL2006','I');
INSERT INTO "grades" VALUES('22P-9341','MT1003','B');
INSERT INTO "grades" VALUES('22P-9341','MT1004','C');
INSERT INTO "grades" VALUES('22P-9341','MT2005','B');
INSERT INTO "grades" VALUES('22P-9341','NS1001','B');
INSERT INTO "grades" VALUES('22P-9341','SE1001','B+');
INSERT INTO "grades" VALUES('22P-9341','SE2001','I');
INSERT INTO "grades" VALUES('22P-9341','SE2002','C');
INSERT INTO "grades" VALUES('22P-9341','SE3002','I');
INSERT INTO "grades" VALUES('22P-9341','SS2007','I');
INSERT INTO "grades" VALUES('22P-9342','CL1000','C');
INSERT INTO "grades" VALUES('22P-9342','CS1002','F');
INSERT INTO "grades" VALUES('22P-9342','CL1002','F');
INSERT INTO "grades" VALUES('22P-9342','MT1003','D+');
INSERT INTO "grades" VALUES('22P-9342','NS1001','C+');
INSERT INTO "grades" VALUES('22P-9342','SE1001','D');
INSERT INTO "grades" VALUES('22P-9343','CL1000','FA');
INSERT INTO "grades" VALUES('22P-9343','CS1002','FA');
INSERT INTO "grades" VALUES('22P-9343','CL1002','FA');
INSERT INTO "grades" VALUES('22P-9343','MT1003','FA');
INSERT INTO "grades" VALUES('22P-9343','NS1001','FA');
INSERT INTO "grades" VALUES('22P-9344','CL1000','C+');
INSERT INTO "grades" VALUES('22P-9344','CS1002','F');
INSERT INTO "grades" VALUES('22P-9344','CL1002','F');
INSERT INTO "grades" VALUES('22P-9344','MT1003','D+');
INSERT INTO "grades" VALUES('22P-9344','NS1001','D');
INSERT INTO "grades" VALUES('22P-9344','SE1001','F');
INSERT INTO "grades" VALUES('22P-9345','CL1000','D');
INSERT INTO "grades" VALUES('22P-9345','CS1002','F');
INSERT INTO "grades" VALUES('22P-9345','CL1002','F');
INSERT INTO "grades" VALUES('22P-9345','MT1003','F');
INSERT INTO "grades" VALUES('22P-9345','NS1001','F');
INSERT INTO "grades" VALUES('22P-9346','CL1000','B');
INSERT INTO "grades" VALUES('22P-9346','CS1002','B+');
INSERT INTO "grades" VALUES('22P-9346','CL1002','A');
INSERT INTO "grades" VALUES('22P-9346','CS1004','B');
INSERT INTO "grades" VALUES('22P-9346','CL1004','B+');
INSERT INTO "grades" VALUES('22P-9346','CS1005','B+');
INSERT INTO "grades" VALUES('22P-9346','CS2001','A+');
INSERT INTO "grades" VALUES('22P-9346','CL2001','B-');
INSERT INTO "grades" VALUES('22P-9346','CS2006','I');
INSERT INTO "grades" VALUES('22P-9346','CL2006','I');
INSERT INTO "grades" VALUES('22P-9346','MT1003','C+');
INSERT INTO "grades" VALUES('22P-9346','MT1004','C-');
INSERT INTO "grades" VALUES('22P-9346','MT2005','B+');
INSERT INTO "grades" VALUES('22P-9346','NS1001','B');
INSERT INTO "grades" VALUES('22P-9346','SE1001','C-');
INSERT INTO "grades" VALUES('22P-9346','SE2001','B');
INSERT INTO "grades" VALUES('22P-9346','SE2002','B+');
INSERT INTO "grades" VALUES('22P-9346','SE3002','I');
INSERT INTO "grades" VALUES('22P-9346','SS2007','I');
INSERT INTO "grades" VALUES('22P-9347','CL1000','F');
INSERT INTO "grades" VALUES('22P-9347','CS1002','F');
INSERT INTO "grades" VALUES('22P-9347','CL1002','F');
INSERT INTO "grades" VALUES('22P-9347','MT1003','F');
INSERT INTO "grades" VALUES('22P-9347','NS1001','F');
INSERT INTO "grades" VALUES('22P-9348','CL1000','B-');
INSERT INTO "grades" VALUES('22P-9348','CS1002','C+');
INSERT INTO "grades" VALUES('22P-9348','CL1002','D');
INSERT INTO "grades" VALUES('22P-9348','CS1004','C');
INSERT INTO "grades" VALUES('22P-9348','CL1004','C-');
INSERT INTO "grades" VALUES('22P-9348','CS1005','C-');
INSERT INTO "grades" VALUES('22P-9348','CS2001','I');
INSERT INTO "grades" VALUES('22P-9348','CL2001','I');
INSERT INTO "grades" VALUES('22P-9348','MT1003','C+');
INSERT INTO "grades" VALUES('22P-9348','MT1004','C+');
INSERT INTO "grades" VALUES('22P-9348','MT2005','B');
INSERT INTO "grades" VALUES('22P-9348','NS1001','C');
INSERT INTO "grades" VALUES('22P-9348','SE1001','D');
INSERT INTO "grades" VALUES('22P-9348','SE2001','C');
INSERT INTO "grades" VALUES('22P-9348','SE3002','I');
INSERT INTO "grades" VALUES('22P-9348','SS2007','I');
INSERT INTO "grades" VALUES('22P-9349','CL1000','B+');
INSERT INTO "grades" VALUES('22P-9349','CS1002','C-');
INSERT INTO "grades" VALUES('22P-9349','CL1002','C+');
INSERT INTO "grades" VALUES('22P-9349','CS1004','C');
INSERT INTO "grades" VALUES('22P-9349','CL1004','A-');
INSERT INTO "grades" VALUES('22P-9349','CS1005','C+');
INSERT INTO "grades" VALUES('22P-9349','CS2001','D+');
INSERT INTO "grades" VALUES('22P-9349','CL2001','B');
INSERT INTO "grades" VALUES('22P-9349','CS2005','B-');
INSERT INTO "grades" VALUES('22P-9349','CL2005','B');
INSERT INTO "grades" VALUES('22P-9349','CS2006','I');
INSERT INTO "grades" VALUES('22P-9349','CL2006','I');
INSERT INTO "grades" VALUES('22P-9349','MT1003','C+');
INSERT INTO "grades" VALUES('22P-9349','MT1004','D+');
INSERT INTO "grades" VALUES('22P-9349','MT2005','D+');
INSERT INTO "grades" VALUES('22P-9349','NS1001','B');
INSERT INTO "grades" VALUES('22P-9349','SE1001','D');
INSERT INTO "grades" VALUES('22P-9349','SE2001','B-');
INSERT INTO "grades" VALUES('22P-9349','SE2002','C+');
INSERT INTO "grades" VALUES('22P-9349','SE3002','I');
INSERT INTO "grades" VALUES('22P-9349','SS2007','I');
INSERT INTO "grades" VALUES('22P-9448','CL1000','A-');
INSERT INTO "grades" VALUES('22P-9448','CS1002','C');
INSERT INTO "grades" VALUES('22P-9448','CL1002','B-');
INSERT INTO "grades" VALUES('22P-9448','CS1004','D');
INSERT INTO "grades" VALUES('22P-9448','CL1004','A-');
INSERT INTO "grades" VALUES('22P-9448','CS1005','B-');
INSERT INTO "grades" VALUES('22P-9448','CS2001','B-');
INSERT INTO "grades" VALUES('22P-9448','CL2001','A');
INSERT INTO "grades" VALUES('22P-9448','CS2005','C+');
INSERT INTO "grades" VALUES('22P-9448','CL2005','B-');
INSERT INTO "grades" VALUES('22P-9448','CS2006','I');
INSERT INTO "grades" VALUES('22P-9448','CL2006','I');
INSERT INTO "grades" VALUES('22P-9448','MT1003','A');
INSERT INTO "grades" VALUES('22P-9448','MT1004','C-');
INSERT INTO "grades" VALUES('22P-9448','MT2005','B+');
INSERT INTO "grades" VALUES('22P-9448','NS1001','B-');
INSERT INTO "grades" VALUES('22P-9448','SE1001','D+');
INSERT INTO "grades" VALUES('22P-9448','SE2001','C-');
INSERT INTO "grades" VALUES('22P-9448','SE2002','C+');
INSERT INTO "grades" VALUES('22P-9448','SE3002','I');
INSERT INTO "grades" VALUES('22P-9448','SS2007','I');
INSERT INTO "grades" VALUES('22P-9164','DEMO2','A+');
INSERT INTO "grades" VALUES('22P-4946','MT1003','B');
CREATE TABLE program_courses (
    program_name TEXT NOT NULL,
    course_code TEXT NOT NULL,
    semester INTEGER NOT NULL,
    PRIMARY KEY (program_name, course_code, semester),
    FOREIGN KEY (program_name) REFERENCES programs (program_name),
    FOREIGN KEY (course_code) REFERENCES courses (course_code)
);
INSERT INTO "program_courses" VALUES('Artificial Intelligence','CL1000',1);
INSERT INTO "program_courses" VALUES('Artificial Intelligence','CS1002',1);
INSERT INTO "program_courses" VALUES('Artificial Intelligence','CL1002',1);
INSERT INTO "program_courses" VALUES('Artificial Intelligence','NS1001',1);
INSERT INTO "program_courses" VALUES('Artificial Intelligence','MT1003',1);
INSERT INTO "program_courses" VALUES('Artificial Intelligence','SS1012',1);
INSERT INTO "program_courses" VALUES('Artificial Intelligence','SL1012',1);
INSERT INTO "program_courses" VALUES('Artificial Intelligence','SS1013',1);
INSERT INTO "program_courses" VALUES('Artificial Intelligence','CS1004',2);
INSERT INTO "program_courses" VALUES('Artificial Intelligence','CL1004',2);
INSERT INTO "program_courses" VALUES('Artificial Intelligence','EE1005',2);
INSERT INTO "program_courses" VALUES('Artificial Intelligence','EL1005',2);
INSERT INTO "program_courses" VALUES('Artificial Intelligence','MT1006',2);
INSERT INTO "program_courses" VALUES('Artificial Intelligence','SS1007',2);
INSERT INTO "program_courses" VALUES('Artificial Intelligence','SS1014',2);
INSERT INTO "program_courses" VALUES('Artificial Intelligence','SL1014',2);
INSERT INTO "program_courses" VALUES('Artificial Intelligence','SS3002',2);
INSERT INTO "program_courses" VALUES('Artificial Intelligence','CS2001',3);
INSERT INTO "program_courses" VALUES('Artificial Intelligence','CL2001',3);
INSERT INTO "program_courses" VALUES('Artificial Intelligence','EE2003',3);
INSERT INTO "program_courses" VALUES('Artificial Intelligence','EL2003',3);
INSERT INTO "program_courses" VALUES('Artificial Intelligence','CS1005',3);
INSERT INTO "program_courses" VALUES('Artificial Intelligence','MT1004',3);
INSERT INTO "program_courses" VALUES('Artificial Intelligence','AI2001',3);
INSERT INTO "program_courses" VALUES('Artificial Intelligence','AL2001',3);
INSERT INTO "program_courses" VALUES('Artificial Intelligence','SS/MG',3);
INSERT INTO "program_courses" VALUES('Artificial Intelligence','CS2005',4);
INSERT INTO "program_courses" VALUES('Artificial Intelligence','CL2005',4);
INSERT INTO "program_courses" VALUES('Artificial Intelligence','AI2002',4);
INSERT INTO "program_courses" VALUES('Artificial Intelligence','AL2002',4);
INSERT INTO "program_courses" VALUES('Artificial Intelligence','CS2006',4);
INSERT INTO "program_courses" VALUES('Artificial Intelligence','CL2006',4);
INSERT INTO "program_courses" VALUES('Artificial Intelligence','CS2004',4);
INSERT INTO "program_courses" VALUES('Artificial Intelligence','MT2005',4);
INSERT INTO "program_courses" VALUES('Artificial Intelligence','AI3002',5);
INSERT INTO "program_courses" VALUES('Artificial Intelligence','AL3002',5);
INSERT INTO "program_courses" VALUES('Artificial Intelligence','AI3001',5);
INSERT INTO "program_courses" VALUES('Artificial Intelligence','CS2009',5);
INSERT INTO "program_courses" VALUES('Artificial Intelligence','CS3001',5);
INSERT INTO "program_courses" VALUES('Artificial Intelligence','CL3001',5);
INSERT INTO "program_courses" VALUES('Artificial Intelligence','SS2007',5);
INSERT INTO "program_courses" VALUES('Artificial Intelligence','AI3003',6);
INSERT INTO "program_courses" VALUES('Artificial Intelligence','AI4002',6);
INSERT INTO "program_courses" VALUES('Artificial Intelligence','AL4002',6);
INSERT INTO "program_courses" VALUES('Artificial Intelligence','CS3006',6);
INSERT INTO "program_courses" VALUES('Artificial Intelligence','AIxxxx',6);
INSERT INTO "program_courses" VALUES('Artificial Intelligence','CSxxxx',6);
INSERT INTO "program_courses" VALUES('Artificial Intelligence','CLxxxx',6);
INSERT INTO "program_courses" VALUES('Artificial Intelligence','AI4091',7);
INSERT INTO "program_courses" VALUES('Artificial Intelligence','CS3002',7);
INSERT INTO "program_courses" VALUES('Artificial Intelligence','AIxxxx',7);
INSERT INTO "program_courses" VALUES('Artificial Intelligence','SS/MG',7);
INSERT INTO "program_courses" VALUES('Artificial Intelligence','AI4092',8);
INSERT INTO "program_courses" VALUES('Artificial Intelligence','CS3002',8);
INSERT INTO "program_courses" VALUES('Artificial Intelligence','CS4001',8);
INSERT INTO "program_courses" VALUES('Artificial Intelligence','AIxxxx',8);
INSERT INTO "program_courses" VALUES('Computer Science','CL1000',1);
INSERT INTO "program_courses" VALUES('Computer Science','CS1002',1);
INSERT INTO "program_courses" VALUES('Computer Science','CL1002',1);
INSERT INTO "program_courses" VALUES('Computer Science','NS1001',1);
INSERT INTO "program_courses" VALUES('Computer Science','MT1003',1);
INSERT INTO "program_courses" VALUES('Computer Science','SS1012',1);
INSERT INTO "program_courses" VALUES('Computer Science','SL1012',1);
INSERT INTO "program_courses" VALUES('Computer Science','SS1013',1);
INSERT INTO "program_courses" VALUES('Computer Science','CS1004',2);
INSERT INTO "program_courses" VALUES('Computer Science','CL1004',2);
INSERT INTO "program_courses" VALUES('Computer Science','EE1005',2);
INSERT INTO "program_courses" VALUES('Computer Science','EL1005',2);
INSERT INTO "program_courses" VALUES('Computer Science','MT1006',2);
INSERT INTO "program_courses" VALUES('Computer Science','SS1007',2);
INSERT INTO "program_courses" VALUES('Computer Science','SS1014',2);
INSERT INTO "program_courses" VALUES('Computer Science','SL1014',2);
INSERT INTO "program_courses" VALUES('Computer Science','SS3002',2);
INSERT INTO "program_courses" VALUES('Computer Science','CS2001',3);
INSERT INTO "program_courses" VALUES('Computer Science','CL2001',3);
INSERT INTO "program_courses" VALUES('Computer Science','EE2003',3);
INSERT INTO "program_courses" VALUES('Computer Science','EL2003',3);
INSERT INTO "program_courses" VALUES('Computer Science','CS1005',3);
INSERT INTO "program_courses" VALUES('Computer Science','MT1004',3);
INSERT INTO "program_courses" VALUES('Computer Science','CS3005',3);
INSERT INTO "program_courses" VALUES('Computer Science','SS/MGxxxx',3);
INSERT INTO "program_courses" VALUES('Computer Science','CS2005',4);
INSERT INTO "program_courses" VALUES('Computer Science','CL2005',4);
INSERT INTO "program_courses" VALUES('Computer Science','AI2002',4);
INSERT INTO "program_courses" VALUES('Computer Science','AL2002',4);
INSERT INTO "program_courses" VALUES('Computer Science','CS2006',4);
INSERT INTO "program_courses" VALUES('Computer Science','CL2006',4);
INSERT INTO "program_courses" VALUES('Computer Science','CS3009',4);
INSERT INTO "program_courses" VALUES('Computer Science','MT2005',4);
INSERT INTO "program_courses" VALUES('Computer Science','EE2013',5);
INSERT INTO "program_courses" VALUES('Computer Science','CS3014',5);
INSERT INTO "program_courses" VALUES('Computer Science','CS2009',5);
INSERT INTO "program_courses" VALUES('Computer Science','CS3001',5);
INSERT INTO "program_courses" VALUES('Computer Science','CL3001',5);
INSERT INTO "program_courses" VALUES('Computer Science','SS2007',5);
INSERT INTO "program_courses" VALUES('Computer Science','CS4031',6);
INSERT INTO "program_courses" VALUES('Computer Science','CS4087',6);
INSERT INTO "program_courses" VALUES('Computer Science','CS3006',6);
INSERT INTO "program_courses" VALUES('Computer Science','CSxxxx',6);
INSERT INTO "program_courses" VALUES('Computer Science','CLxxxx',6);
INSERT INTO "program_courses" VALUES('Computer Science','CS4091',7);
INSERT INTO "program_courses" VALUES('Computer Science','CS3002',7);
INSERT INTO "program_courses" VALUES('Computer Science','CSxxxx',7);
INSERT INTO "program_courses" VALUES('Computer Science','SS/MGxxxx',7);
INSERT INTO "program_courses" VALUES('Computer Science','CS4092',8);
INSERT INTO "program_courses" VALUES('Computer Science','CS3002',8);
INSERT INTO "program_courses" VALUES('Computer Science','CS4001',8);
INSERT INTO "program_courses" VALUES('Computer Science','CSxxxx',8);
INSERT INTO "program_courses" VALUES('Cyber Security','CL1000',1);
INSERT INTO "program_courses" VALUES('Cyber Security','CS1002',1);
INSERT INTO "program_courses" VALUES('Cyber Security','CL1002',1);
INSERT INTO "program_courses" VALUES('Cyber Security','NS1001',1);
INSERT INTO "program_courses" VALUES('Cyber Security','MT1003',1);
INSERT INTO "program_courses" VALUES('Cyber Security','SS1012',1);
INSERT INTO "program_courses" VALUES('Cyber Security','SL1012',1);
INSERT INTO "program_courses" VALUES('Cyber Security','SS1013',1);
INSERT INTO "program_courses" VALUES('Cyber Security','CS1004',2);
INSERT INTO "program_courses" VALUES('Cyber Security','CL1004',2);
INSERT INTO "program_courses" VALUES('Cyber Security','EE1005',2);
INSERT INTO "program_courses" VALUES('Cyber Security','EL1005',2);
INSERT INTO "program_courses" VALUES('Cyber Security','MT1006',2);
INSERT INTO "program_courses" VALUES('Cyber Security','SS1007',2);
INSERT INTO "program_courses" VALUES('Cyber Security','SS1014',2);
INSERT INTO "program_courses" VALUES('Cyber Security','SL1014',2);
INSERT INTO "program_courses" VALUES('Cyber Security','SS3002',2);
INSERT INTO "program_courses" VALUES('Cyber Security','CS2001',3);
INSERT INTO "program_courses" VALUES('Cyber Security','CL2001',3);
INSERT INTO "program_courses" VALUES('Cyber Security','EE2003',3);
INSERT INTO "program_courses" VALUES('Cyber Security','EL2003',3);
INSERT INTO "program_courses" VALUES('Cyber Security','CS1005',3);
INSERT INTO "program_courses" VALUES('Cyber Security','MT1004',3);
INSERT INTO "program_courses" VALUES('Cyber Security','CY2004',3);
INSERT INTO "program_courses" VALUES('Cyber Security','SS/MG',3);
INSERT INTO "program_courses" VALUES('Cyber Security','CS2009',4);
INSERT INTO "program_courses" VALUES('Cyber Security','SS2007',4);
INSERT INTO "program_courses" VALUES('Cyber Security','CS3001',4);
INSERT INTO "program_courses" VALUES('Cyber Security','CL3001',4);
INSERT INTO "program_courses" VALUES('Cyber Security','CS3009',4);
INSERT INTO "program_courses" VALUES('Cyber Security','MT2005',4);
INSERT INTO "program_courses" VALUES('Cyber Security','CS3002',5);
INSERT INTO "program_courses" VALUES('Cyber Security','CS2006',5);
INSERT INTO "program_courses" VALUES('Cyber Security','CL2006',5);
INSERT INTO "program_courses" VALUES('Cyber Security','CS2005',5);
INSERT INTO "program_courses" VALUES('Cyber Security','CL2005',5);
INSERT INTO "program_courses" VALUES('Cyber Security','AI2002',5);
INSERT INTO "program_courses" VALUES('Cyber Security','AL2002',5);
INSERT INTO "program_courses" VALUES('Cyber Security','CYxxxx',5);
INSERT INTO "program_courses" VALUES('Cyber Security','CY3001',6);
INSERT INTO "program_courses" VALUES('Cyber Security','CL3001',6);
INSERT INTO "program_courses" VALUES('Cyber Security','CY3006',6);
INSERT INTO "program_courses" VALUES('Cyber Security','CL3006',6);
INSERT INTO "program_courses" VALUES('Cyber Security','CY4001',6);
INSERT INTO "program_courses" VALUES('Cyber Security','CL4001',6);
INSERT INTO "program_courses" VALUES('Cyber Security','CYxxxx',6);
INSERT INTO "program_courses" VALUES('Cyber Security','CSxxxx',6);
INSERT INTO "program_courses" VALUES('Cyber Security','CLxxxx',6);
INSERT INTO "program_courses" VALUES('Cyber Security','CY4091',7);
INSERT INTO "program_courses" VALUES('Cyber Security','CS4001',7);
INSERT INTO "program_courses" VALUES('Cyber Security','CS3006',7);
INSERT INTO "program_courses" VALUES('Cyber Security','CYxxxx',7);
INSERT INTO "program_courses" VALUES('Cyber Security','SSxxxx',7);
INSERT INTO "program_courses" VALUES('Cyber Security','CY4092',8);
INSERT INTO "program_courses" VALUES('Cyber Security','CY3003',8);
INSERT INTO "program_courses" VALUES('Cyber Security','CS3002',8);
INSERT INTO "program_courses" VALUES('Cyber Security','CYxxxx',8);
INSERT INTO "program_courses" VALUES('Data Science','CL1000',1);
INSERT INTO "program_courses" VALUES('Data Science','CS1002',1);
INSERT INTO "program_courses" VALUES('Data Science','CL1002',1);
INSERT INTO "program_courses" VALUES('Data Science','NS1001',1);
INSERT INTO "program_courses" VALUES('Data Science','MT1003',1);
INSERT INTO "program_courses" VALUES('Data Science','SS1012',1);
INSERT INTO "program_courses" VALUES('Data Science','SL1012',1);
INSERT INTO "program_courses" VALUES('Data Science','SS1013',1);
INSERT INTO "program_courses" VALUES('Data Science','CS1004',2);
INSERT INTO "program_courses" VALUES('Data Science','CL1004',2);
INSERT INTO "program_courses" VALUES('Data Science','EE1005',2);
INSERT INTO "program_courses" VALUES('Data Science','EL1005',2);
INSERT INTO "program_courses" VALUES('Data Science','MT2008',2);
INSERT INTO "program_courses" VALUES('Data Science','SS1007',2);
INSERT INTO "program_courses" VALUES('Data Science','SS1014',2);
INSERT INTO "program_courses" VALUES('Data Science','SL1014',2);
INSERT INTO "program_courses" VALUES('Data Science','SS3002',2);
INSERT INTO "program_courses" VALUES('Data Science','CS2001',3);
INSERT INTO "program_courses" VALUES('Data Science','CL2001',3);
INSERT INTO "program_courses" VALUES('Data Science','EE2003',3);
INSERT INTO "program_courses" VALUES('Data Science','EL2003',3);
INSERT INTO "program_courses" VALUES('Data Science','CS1005',3);
INSERT INTO "program_courses" VALUES('Data Science','MT1004',3);
INSERT INTO "program_courses" VALUES('Data Science','DS2001',3);
INSERT INTO "program_courses" VALUES('Data Science','DL2001',3);
INSERT INTO "program_courses" VALUES('Data Science','SS/MGxxxx',3);
INSERT INTO "program_courses" VALUES('Data Science','CS2005',4);
INSERT INTO "program_courses" VALUES('Data Science','CL2005',4);
INSERT INTO "program_courses" VALUES('Data Science','DS2003',4);
INSERT INTO "program_courses" VALUES('Data Science','CS2006',4);
INSERT INTO "program_courses" VALUES('Data Science','CL2006',4);
INSERT INTO "program_courses" VALUES('Data Science','CS2004',4);
INSERT INTO "program_courses" VALUES('Data Science','MT2005',4);
INSERT INTO "program_courses" VALUES('Data Science','DS3003',5);
INSERT INTO "program_courses" VALUES('Data Science','DL3003',5);
INSERT INTO "program_courses" VALUES('Data Science','DS3001',5);
INSERT INTO "program_courses" VALUES('Data Science','DL3001',5);
INSERT INTO "program_courses" VALUES('Data Science','CS2009',5);
INSERT INTO "program_courses" VALUES('Data Science','AI2002',5);
INSERT INTO "program_courses" VALUES('Data Science','AL2002',5);
INSERT INTO "program_courses" VALUES('Data Science','SS2007',5);
INSERT INTO "program_courses" VALUES('Data Science','CS3006',6);
INSERT INTO "program_courses" VALUES('Data Science','DS3002',6);
INSERT INTO "program_courses" VALUES('Data Science','CS3001',6);
INSERT INTO "program_courses" VALUES('Data Science','CL3001',6);
INSERT INTO "program_courses" VALUES('Data Science','DSxxxx',6);
INSERT INTO "program_courses" VALUES('Data Science','CSxxxx',6);
INSERT INTO "program_courses" VALUES('Data Science','CLxxxx',6);
INSERT INTO "program_courses" VALUES('Data Science','DS4091',7);
INSERT INTO "program_courses" VALUES('Data Science','MG4011',7);
INSERT INTO "program_courses" VALUES('Data Science','DSxxxx',7);
INSERT INTO "program_courses" VALUES('Data Science','SS/MG',7);
INSERT INTO "program_courses" VALUES('Data Science','DS4092',8);
INSERT INTO "program_courses" VALUES('Data Science','CS3002',8);
INSERT INTO "program_courses" VALUES('Data Science','CS4001',8);
INSERT INTO "program_courses" VALUES('Data Science','DSxxxx',8);
INSERT INTO "program_courses" VALUES('Software Engineering','CL1000',1);
INSERT INTO "program_courses" VALUES('Software Engineering','CS1002',1);
INSERT INTO "program_courses" VALUES('Software Engineering','CL1002',1);
INSERT INTO "program_courses" VALUES('Software Engineering','NS1001',1);
INSERT INTO "program_courses" VALUES('Software Engineering','MT1003',1);
INSERT INTO "program_courses" VALUES('Software Engineering','SS1012',1);
INSERT INTO "program_courses" VALUES('Software Engineering','SL1012',1);
INSERT INTO "program_courses" VALUES('Software Engineering','SS1013',1);
INSERT INTO "program_courses" VALUES('Software Engineering','CS1004',2);
INSERT INTO "program_courses" VALUES('Software Engineering','CL1004',2);
INSERT INTO "program_courses" VALUES('Software Engineering','EE1005',2);
INSERT INTO "program_courses" VALUES('Software Engineering','EL1005',2);
INSERT INTO "program_courses" VALUES('Software Engineering','MT1006',2);
INSERT INTO "program_courses" VALUES('Software Engineering','SS1007',2);
INSERT INTO "program_courses" VALUES('Software Engineering','SS1014',2);
INSERT INTO "program_courses" VALUES('Software Engineering','SL1014',2);
INSERT INTO "program_courses" VALUES('Software Engineering','SS3002',2);
INSERT INTO "program_courses" VALUES('Software Engineering','CS2001',3);
INSERT INTO "program_courses" VALUES('Software Engineering','CL2001',3);
INSERT INTO "program_courses" VALUES('Software Engineering','EE2003',3);
INSERT INTO "program_courses" VALUES('Software Engineering','EL2003',3);
INSERT INTO "program_courses" VALUES('Software Engineering','CS1005',3);
INSERT INTO "program_courses" VALUES('Software Engineering','MT1004',3);
INSERT INTO "program_courses" VALUES('Software Engineering','SE1001',3);
INSERT INTO "program_courses" VALUES('Software Engineering','SS/MGxxxx',3);
INSERT INTO "program_courses" VALUES('Software Engineering','CS2005',4);
INSERT INTO "program_courses" VALUES('Software Engineering','CL2005',4);
INSERT INTO "program_courses" VALUES('Software Engineering','SE2001',4);
INSERT INTO "program_courses" VALUES('Software Engineering','CS2006',4);
INSERT INTO "program_courses" VALUES('Software Engineering','CL2006',4);
INSERT INTO "program_courses" VALUES('Software Engineering','MT2005',4);
INSERT INTO "program_courses" VALUES('Software Engineering','SE3004',5);
INSERT INTO "program_courses" VALUES('Software Engineering','SE3002',5);
INSERT INTO "program_courses" VALUES('Software Engineering','CS2009',5);
INSERT INTO "program_courses" VALUES('Software Engineering','AI2002',5);
INSERT INTO "program_courses" VALUES('Software Engineering','AL2002',5);
INSERT INTO "program_courses" VALUES('Software Engineering','SS2007',5);
INSERT INTO "program_courses" VALUES('Software Engineering','CS3006',6);
INSERT INTO "program_courses" VALUES('Software Engineering','SE4002',6);
INSERT INTO "program_courses" VALUES('Software Engineering','CS3001',6);
INSERT INTO "program_courses" VALUES('Software Engineering','CL3001',6);
INSERT INTO "program_courses" VALUES('Software Engineering','SExxxx',6);
INSERT INTO "program_courses" VALUES('Software Engineering','CSxxxx',6);
INSERT INTO "program_courses" VALUES('Software Engineering','CLxxxx',6);
INSERT INTO "program_courses" VALUES('Software Engineering','SE4091',7);
INSERT INTO "program_courses" VALUES('Software Engineering','MG4011',7);
INSERT INTO "program_courses" VALUES('Software Engineering','SExxxx',7);
INSERT INTO "program_courses" VALUES('Software Engineering','SS/MGxxxx',7);
INSERT INTO "program_courses" VALUES('Software Engineering','SE4092',8);
INSERT INTO "program_courses" VALUES('Software Engineering','CS3002',8);
INSERT INTO "program_courses" VALUES('Software Engineering','CS4001',8);
INSERT INTO "program_courses" VALUES('Software Engineering','SExxxx',8);
INSERT INTO "program_courses" VALUES('Artificial Intelligence','CL1000',2);
INSERT INTO "program_courses" VALUES('Computer Science','CL1000',5);
INSERT INTO "program_courses" VALUES('Computer Science','SS1013',5);
INSERT INTO "program_courses" VALUES('Software Engineering','SL1012',5);
INSERT INTO "program_courses" VALUES('Software Engineering','NS1001',5);
INSERT INTO "program_courses" VALUES('Software Engineering','CL1000',4);
CREATE TABLE programs (
    program_name TEXT PRIMARY KEY
);
INSERT INTO "programs" VALUES('Artificial Intelligence');
INSERT INTO "programs" VALUES('Computer Science');
INSERT INTO "programs" VALUES('Cyber Security');
INSERT INTO "programs" VALUES('Data Science');
INSERT INTO "programs" VALUES('Software Engineering');
CREATE TABLE students (
    roll_no TEXT PRIMARY KEY,
    name TEXT NOT NULL,
    section TEXT NOT NULL,
    credit_hours_attempted INTEGER NOT NULL,
    credit_hours_earned INTEGER NOT NULL,
    cgpa REAL NOT NULL,
    warning_status INTEGER NOT NULL CHECK (warning_status BETWEEN 0 AND 3),
    enrollment_status TEXT NOT NULL,
    specialization TEXT
);
INSERT INTO "students" VALUES('22P-3000','Muhammad Yamman','BSE-223B',38,22,2.14,0,'Current','-');
INSERT INTO "students" VALUES('22P-4946','Ahmad Sohail','BSE-223A',10,6,0.72,3,'Closed','-');
INSERT INTO "students" VALUES('22P-4947','Muiz Israr','BSE-223A',0,0,0.0,1,'Suspended','-');
INSERT INTO "students" VALUES('22P-4948','Daniyal Mutahhar','M',22,12,2.46,0,'Current','-');
INSERT INTO "students" VALUES('22P-4949','Danyal Asif','M',32,16,2.06,0,'Current','-');
INSERT INTO "students" VALUES('22P-4951','Inshal Ahmed','M',26,12,1.24,1,'Current','-');
INSERT INTO "students" VALUES('22P-9095','Akbar Hayat','BSE-223A',23,13,1.0,3,'Closed','-');
INSERT INTO "students" VALUES('22P-9097','Zulfiqar Ahmed','BSE-223B',62,62,2.06,0,'Current','-');
INSERT INTO "students" VALUES('22P-9098','Ibrahim Imran','BSE-223B',0,0,0.0,0,'Closed','-');
INSERT INTO "students" VALUES('22P-9099','Dilawar Khan','BSE-223B',83,66,3.55,0,'Current','-');
INSERT INTO "students" VALUES('22P-9100','Muhammad Asif','BSE-223A',79,62,2.51,0,'Current','-');
INSERT INTO "students" VALUES('22P-9101','Sabahoon','BSE-223A',23,7,0.7,1,'Closed','-');
INSERT INTO "students" VALUES('22P-9102','Muhammad Abdullah','BSE-223A',83,66,2.91,0,'Current','-');
INSERT INTO "students" VALUES('22P-9103','Shahzar Khan','BSE-223A',17,13,1.8,1,'Closed','-');
INSERT INTO "students" VALUES('22P-9104','Usman Shahzad','BSE-223A',0,0,0.0,1,'Incomplete','-');
INSERT INTO "students" VALUES('22P-9105','Saif Ullah','BSE-223A',79,62,3.18,0,'Current','-');
INSERT INTO "students" VALUES('22P-9107','Ali Shah','BSE-223A',83,66,3.12,0,'Current','-');
INSERT INTO "students" VALUES('22P-9108','Hassan Sardar','BSE-223A',83,66,3.55,0,'Current','-');
INSERT INTO "students" VALUES('22P-9109','Abdullah Asim','BSE-223A',61,43,1.63,2,'Current','-');
INSERT INTO "students" VALUES('22P-9110','Daniyal Ahmad','BSE-223A',83,66,3.78,0,'Current','-');
INSERT INTO "students" VALUES('22P-9111','Anas Khan','BSE-223A',53,50,1.89,2,'Current','-');
INSERT INTO "students" VALUES('22P-9112','Alishba Tariq','BSE-223A',83,66,3.84,0,'Current','-');
INSERT INTO "students" VALUES('22P-9113','Mohsin Hadi','BSE-223A',0,0,0.0,1,'Incomplete','-');
INSERT INTO "students" VALUES('22P-9114','Muhammad Usman','BSE-223A',83,66,3.09,0,'Current','-');
INSERT INTO "students" VALUES('22P-9115','Anees Ur','BSE-223A',83,66,2.71,0,'Current','-');
INSERT INTO "students" VALUES('22P-9116','Muhammad Bakar','BSE-223A',79,62,2.66,0,'Current','-');
INSERT INTO "students" VALUES('22P-9117','Ikrama Shah','BSE-223A',79,62,3.26,0,'Current','-');
INSERT INTO "students" VALUES('22P-9119','Muhammad Samar','BSE-223A',26,17,1.31,3,'Closed','-');
INSERT INTO "students" VALUES('22P-9120','Anas Jamal','BSE-223A',23,14,1.01,3,'Closed','-');
INSERT INTO "students" VALUES('22P-9121','Muhammad Umer','BSE-223A',0,0,0.0,1,'Closed','-');
INSERT INTO "students" VALUES('22P-9122','Umar Naveed','BSE-223A',17,8,1.04,1,'Closed','-');
INSERT INTO "students" VALUES('22P-9123','Hasnain Saleem','BSE-223A',83,66,3.35,0,'Current','-');
INSERT INTO "students" VALUES('22P-9124','Abdul Rahman','BSE-223A',64,47,2.43,0,'Current','-');
INSERT INTO "students" VALUES('22P-9126','Nauman Khan','BSE-223A',23,17,1.8,3,'Closed','-');
INSERT INTO "students" VALUES('22P-9127','Qasim Mir','BSE-223A',29,22,1.47,3,'Closed','-');
INSERT INTO "students" VALUES('22P-9128','Kashan Saeed','BSE-223A',83,66,2.88,0,'Current','-');
INSERT INTO "students" VALUES('22P-9129','Azeem Sikandar','BSE-223A',0,0,0.0,0,'Closed','-');
INSERT INTO "students" VALUES('22P-9131','Abdul Moiz','BSE-223A',76,59,3.18,0,'Current','-');
INSERT INTO "students" VALUES('22P-9132','Muhammad Hussnain','BSE-223A',22,7,1.02,2,'Suspended','-');
INSERT INTO "students" VALUES('22P-9133','Zainab Riaz','BSE-223A',62,59,1.92,3,'Closed','-');
INSERT INTO "students" VALUES('22P-9134','Nasir Razaque','BSE-223A',59,43,2.2,0,'Current','-');
INSERT INTO "students" VALUES('22P-9135','Faiz Khan','BSE-223A',59,57,1.82,2,'Current','-');
INSERT INTO "students" VALUES('22P-9136','Sohaib Inam','BSE-223A',79,62,2.42,0,'Current','-');
INSERT INTO "students" VALUES('22P-9137','Umer Mustafa','BSE-223A',0,0,0.0,0,'Closed','-');
INSERT INTO "students" VALUES('22P-9138','Muhammad Faizan','BSE-223A',83,63,2.34,0,'Current','-');
INSERT INTO "students" VALUES('22P-9139','Waleed Kayani','BSE-223A',79,62,2.67,0,'Current','-');
INSERT INTO "students" VALUES('22P-9140','Muhammad Usman','BSE-223A',65,49,2.5,0,'Current','-');
INSERT INTO "students" VALUES('22P-9141','Sahil Anwar','BSE-223A',79,62,2.93,0,'Current','-');
INSERT INTO "students" VALUES('22P-9142','Hassan Sarwar','BSE-223A',23,17,1.51,3,'Closed','-');
INSERT INTO "students" VALUES('22P-9143','Ayesha Siraj','BSE-223A',83,66,3.59,0,'Current','-');
INSERT INTO "students" VALUES('22P-9144','Shjee Afridi','BSE-223A',20,9,0.95,3,'Closed','-');
INSERT INTO "students" VALUES('22P-9145','Muhammad Rehan','BSE-223A',83,66,2.92,0,'Current','-');
INSERT INTO "students" VALUES('22P-9146','Zeenat Fatima','BSE-223A',83,66,3.12,0,'Current','-');
INSERT INTO "students" VALUES('22P-9147','Muhammad Waseel','BSE-223A',83,63,2.62,0,'Current','-');
INSERT INTO "students" VALUES('22P-9148','Shadab Hassan','BSE-223A',23,10,0.78,3,'Closed','-');
INSERT INTO "students" VALUES('22P-9149','Mian Ayaan','BSE-223A',68,53,1.97,1,'Current','-');
INSERT INTO "students" VALUES('22P-9150','Khadeen Faiz','BSE-223A',64,47,3.16,0,'Current','-');
INSERT INTO "students" VALUES('22P-9151','Awais Ghaffar','BSE-223A',23,19,1.65,2,'Closed','-');
INSERT INTO "students" VALUES('22P-9152','Aimal Saleem','BSE-223B',23,7,0.68,2,'Suspended','-');
INSERT INTO "students" VALUES('22P-9153','Muhammad Shah','BSE-223B',76,59,2.76,0,'Current','-');
INSERT INTO "students" VALUES('22P-9155','Asjid Khan','BSE-223A',17,1,0.12,1,'Closed','-');
INSERT INTO "students" VALUES('22P-9156','Aqsa Yousaf','BSE-223B',83,63,2.71,0,'Current','-');
INSERT INTO "students" VALUES('22P-9157','Shayan Rasool','BSE-223B',76,59,2.67,0,'Current','-');
INSERT INTO "students" VALUES('22P-9158','Maimoona Baig','BSE-223B',67,48,2.03,0,'Current','-');
INSERT INTO "students" VALUES('22P-9159','Rayyan Ali','BSE-223A',42,29,1.7,2,'Current','-');
INSERT INTO "students" VALUES('22P-9160','Hassaan Anwar','BSE-223B',83,66,3.71,0,'Current','-');
INSERT INTO "students" VALUES('22P-9161','Hamid Rehman','BSE-223B',23,15,1.71,2,'Suspended','-');
INSERT INTO "students" VALUES('22P-9162','Alyyeen Ahmed','BSE-223B',79,59,2.61,0,'Current','-');
INSERT INTO "students" VALUES('22P-9163','Junaid Javed','BSE-223B',36,32,1.97,2,'Current','-');
INSERT INTO "students" VALUES('22P-9164','Aais Rabbani','BSE-223B',83,66,3.84,0,'Current','-');
INSERT INTO "students" VALUES('22P-9298','Ahmad Masood','BSE-223A',0,0,0.0,0,'Closed','-');
INSERT INTO "students" VALUES('22P-9299','Taha Nafis','BSE-223A',83,66,3.59,0,'Current','-');
INSERT INTO "students" VALUES('22P-9300','Muhammad Umar','BSE-223B',49,31,1.97,1,'Current','-');
INSERT INTO "students" VALUES('22P-9301','Muhammad Adil','BSE-223B',79,62,3.56,0,'Current','-');
INSERT INTO "students" VALUES('22P-9303','Ahmed Mujtaba','BSE-223B',53,44,1.77,2,'Current','-');
INSERT INTO "students" VALUES('22P-9306','Abdul Mobeen','BSE-223B',23,9,0.64,3,'Closed','-');
INSERT INTO "students" VALUES('22P-9307','Muhammad Kaif','BSE-223B',79,62,3.36,0,'Current','-');
INSERT INTO "students" VALUES('22P-9308','Adnan Haider','BSE-223B',23,19,1.99,3,'Closed','-');
INSERT INTO "students" VALUES('22P-9309','Abdul Rehman','BSE-223B',62,45,1.83,1,'Current','-');
INSERT INTO "students" VALUES('22P-9310','Azam Arshid','BSE-223B',67,51,2.24,0,'Current','-');
INSERT INTO "students" VALUES('22P-9311','Farukh Mujeeb','BSE-223B',64,46,2.2,0,'Current','-');
INSERT INTO "students" VALUES('22P-9312','Muhammad Ali','BSE-223B',64,47,2.01,0,'Current','-');
INSERT INTO "students" VALUES('22P-9314','Furqan Asad','BSE-223B',0,0,0.0,2,'Closed','-');
INSERT INTO "students" VALUES('22P-9316','Ahmad Irtaza','BSE-223B',77,60,2.43,0,'Current','-');
INSERT INTO "students" VALUES('22P-9317','Obaidullah Gul','BSE-223B',0,0,0.0,1,'Closed','-');
INSERT INTO "students" VALUES('22P-9318','Ahmed Ali','BSE-223B',79,59,2.47,0,'Current','-');
INSERT INTO "students" VALUES('22P-9319','Abdullah Malik','BSE-223B',23,16,1.26,3,'Closed','-');
INSERT INTO "students" VALUES('22P-9320','Yamman','BSE-223B',29,23,1.97,3,'Closed','-');
INSERT INTO "students" VALUES('22P-9321','Muhammad Abdullah','BSE-223B',83,66,3.17,0,'Current','-');
INSERT INTO "students" VALUES('22P-9322','Saad Abi','BSE-223B',83,65,3.29,0,'Current','-');
INSERT INTO "students" VALUES('22P-9323','Sami Ullah','BSE-223B',79,62,2.27,0,'Current','-');
INSERT INTO "students" VALUES('22P-9324','Sammar Abdullah','BSE-223B',77,57,2.02,0,'Current','-');
INSERT INTO "students" VALUES('22P-9325','Adil Khan','BSE-223B',26,20,1.48,3,'Closed','-');
INSERT INTO "students" VALUES('22P-9326','Mashaal Ishtiaq','BSE-223B',79,62,3.44,0,'Current','-');
INSERT INTO "students" VALUES('22P-9327','Muhammad Mairaj','BSE-223B',59,56,1.95,2,'Current','-');
INSERT INTO "students" VALUES('22P-9328','Minahil Fatima','BSE-223B',83,66,3.92,0,'Current','-');
INSERT INTO "students" VALUES('22P-9332','Hussain Abbas','BSE-223B',0,0,0.0,0,'Closed','-');
INSERT INTO "students" VALUES('22P-9334','Muhammad Arslan','BSE-223B',52,36,1.92,1,'Current','-');
INSERT INTO "students" VALUES('22P-9335','Inshal Ahmed','BSE-223B',26,26,1.92,3,'Closed','-');
INSERT INTO "students" VALUES('22P-9336','Azeem Ahmad','BSE-223B',79,62,2.3,0,'Current','-');
INSERT INTO "students" VALUES('22P-9337','Sikander Khan','BSE-223B',23,16,1.8,3,'Closed','-');
INSERT INTO "students" VALUES('22P-9339','Talha Younas','BSE-223B',29,23,1.72,3,'Closed','-');
INSERT INTO "students" VALUES('22P-9340','Hayyan Abu','BSE-223B',55,39,2.5,0,'Current','-');
INSERT INTO "students" VALUES('22P-9341','Khushal Das','BSE-223B',73,56,2.8,0,'Current','-');
INSERT INTO "students" VALUES('22P-9342','Zain Ul','BSE-223B',23,19,1.68,3,'Closed','-');
INSERT INTO "students" VALUES('22P-9343','Ahsan Shah','BSE-223B',0,0,0.0,0,'Closed','-');
INSERT INTO "students" VALUES('22P-9344','Ali Abbas','BSE-223B',26,19,1.59,3,'Closed','-');
INSERT INTO "students" VALUES('22P-9345','Daud Latif','BSE-223A',17,7,0.84,1,'Closed','-');
INSERT INTO "students" VALUES('22P-9346','Ashar Naveed','BSE-223B',79,62,3.07,0,'Current','-');
INSERT INTO "students" VALUES('22P-9347','Ali Haider','BSE-223B',0,0,0.0,1,'Incomplete','-');
INSERT INTO "students" VALUES('22P-9348','Abdul Ahad','BSE-223A',67,51,2.27,0,'Current','-');
INSERT INTO "students" VALUES('22P-9349','Yousaf Maaz','BSE-223A',83,66,2.47,0,'Current','-');
INSERT INTO "students" VALUES('22P-9448','Shoaib Akhtar','BSE-223B',83,66,2.42,0,'Current','-');
CREATE TABLE teacher_courses (
    teacher_id INTEGER,
    course_code TEXT,
    credit_hours INTEGER,
    PRIMARY KEY (teacher_id, course_code),
    FOREIGN KEY (teacher_id) REFERENCES teachers(id),
    FOREIGN KEY (course_code) REFERENCES courses(course_code)
);
INSERT INTO "teacher_courses" VALUES(3,'CS1002',3);
INSERT INTO "teacher_courses" VALUES(2,'NS1001',3);
INSERT INTO "teacher_courses" VALUES(2,'CL1000',1);
INSERT INTO "teacher_courses" VALUES(6,'CL1002',3);
INSERT INTO "teacher_courses" VALUES(5,'NS1001',3);
INSERT INTO "teacher_courses" VALUES(8,'SS1013',3);
CREATE TABLE teachers (
    id INTEGER PRIMARY KEY AUTOINCREMENT,  -- Automatically increments with each new entry
    name TEXT NOT NULL,                    -- Teacher's name
    specialty TEXT NOT NULL,               -- Teacher's specialty (course_code)
    FOREIGN KEY (specialty) REFERENCES courses(course_code) -- Link specialty to courses table
);
INSERT INTO "teachers" VALUES(1,'usama musharaf','CS1002 - Programming Fundamentals');
INSERT INTO "teachers" VALUES(2,'aais','CL1000');
INSERT INTO "teachers" VALUES(3,'UMAR ALI','CS1002');
INSERT INTO "teachers" VALUES(4,'AAIS RABBANI','NS1001 - Applied Physics');
INSERT INTO "teachers" VALUES(5,'usman','CL1002 - Programming Fundamentals - Lab');
INSERT INTO "teachers" VALUES(6,'Umer Haroon','CS1002 - Programming Fundamentals');
INSERT INTO "teachers" VALUES(7,'usman','NS1001 - Applied Physics');
INSERT INTO "teachers" VALUES(8,'Hassaan ANWAR','SS1013 - Ideology and Constitution of Pakistan');
DELETE FROM "sqlite_sequence";
INSERT INTO "sqlite_sequence" VALUES('teachers',8);
COMMIT;
